{
  "config": {
    "answer_model": "Qwen/Qwen3.6-27B",
    "judge_model": "openai/gpt-oss-120b",
    "retrieval": "good",
    "n_context": 5,
    "ctx_retriever": "hybrid",
    "ctx_rerank": "auto",
    "goldset": "questions_lowoverlap.jsonl"
  },
  "n_questions": 240,
  "overall": {
    "completeness": 0.590625,
    "context_utilization": 0.7104166666666667,
    "cite_precision": 0.5704166666666667,
    "relevancy": 0.7177083333333333,
    "faithfulness": 0.6854166666666667,
    "cite_recall": 0.6229166666666667,
    "correctness": 0.65,
    "cite_f1": 0.5683333333333334,
    "cite_hit": 0.6875
  },
  "by_type": {
    "factoid": {
      "completeness": 0.7541666666666667,
      "context_utilization": 0.8166666666666667,
      "cite_precision": 0.6525,
      "relevancy": 0.8458333333333333,
      "faithfulness": 0.8208333333333333,
      "cite_recall": 0.75,
      "correctness": 0.8041666666666667,
      "cite_f1": 0.6788888888888889,
      "cite_hit": 0.75
    },
    "crossref": {
      "completeness": 0.5666666666666667,
      "context_utilization": 0.7708333333333334,
      "cite_precision": 0.5375,
      "relevancy": 0.7791666666666667,
      "faithfulness": 0.725,
      "cite_recall": 0.7,
      "correctness": 0.7,
      "cite_f1": 0.5872222222222222,
      "cite_hit": 0.7
    },
    "byeolpyo": {
      "completeness": 0.42916666666666664,
      "context_utilization": 0.5,
      "cite_precision": 0.34444444444444444,
      "relevancy": 0.5,
      "faithfulness": 0.45,
      "cite_recall": 0.4666666666666667,
      "correctness": 0.4125,
      "cite_f1": 0.38,
      "cite_hit": 0.4666666666666667
    },
    "multihop": {
      "completeness": 0.6125,
      "context_utilization": 0.7541666666666667,
      "cite_precision": 0.7472222222222222,
      "relevancy": 0.7458333333333333,
      "faithfulness": 0.7458333333333333,
      "cite_recall": 0.575,
      "correctness": 0.6833333333333333,
      "cite_f1": 0.6272222222222222,
      "cite_hit": 0.8333333333333334
    }
  },
  "by_register": {
    "lowoverlap": {
      "completeness": 0.590625,
      "context_utilization": 0.7104166666666667,
      "cite_precision": 0.5704166666666667,
      "relevancy": 0.7177083333333333,
      "faithfulness": 0.6854166666666667,
      "cite_recall": 0.6229166666666667,
      "correctness": 0.65,
      "cite_f1": 0.5683333333333334,
      "cite_hit": 0.6875
    }
  },
  "timing_s": 612.0
}