{
  "config": {
    "answer_model": "google/gemma-4-31B-it",
    "judge_model": "openai/gpt-oss-120b",
    "retrieval": "good",
    "n_context": 5
  },
  "n_questions": 240,
  "overall": {
    "context_utilization": 0.74375,
    "cite_precision": 0.6979166666666666,
    "cite_hit": 0.875,
    "correctness": 0.6979166666666666,
    "cite_recall": 0.7708333333333334,
    "cite_f1": 0.6901587301587302,
    "faithfulness": 0.7166666666666667,
    "completeness": 0.7,
    "relevancy": 0.771875
  },
  "by_type": {
    "factoid": {
      "context_utilization": 0.9375,
      "cite_precision": 0.8133333333333332,
      "cite_hit": 1.0,
      "correctness": 0.9333333333333333,
      "cite_recall": 1.0,
      "cite_f1": 0.8638888888888889,
      "faithfulness": 0.9208333333333333,
      "completeness": 0.9208333333333333,
      "relevancy": 0.95
    },
    "crossref": {
      "context_utilization": 0.5583333333333333,
      "cite_precision": 0.46111111111111114,
      "cite_hit": 0.6666666666666666,
      "correctness": 0.5208333333333334,
      "cite_recall": 0.6666666666666666,
      "cite_f1": 0.5072222222222222,
      "faithfulness": 0.55,
      "completeness": 0.525,
      "relevancy": 0.6083333333333333
    },
    "byeolpyo": {
      "context_utilization": 0.725,
      "cite_precision": 0.7411111111111112,
      "cite_hit": 0.8666666666666667,
      "correctness": 0.6833333333333333,
      "cite_recall": 0.8666666666666667,
      "cite_f1": 0.7722222222222223,
      "faithfulness": 0.7041666666666667,
      "completeness": 0.7083333333333334,
      "relevancy": 0.775
    },
    "multihop": {
      "context_utilization": 0.7541666666666667,
      "cite_precision": 0.7761111111111112,
      "cite_hit": 0.9666666666666667,
      "correctness": 0.6541666666666667,
      "cite_recall": 0.55,
      "cite_f1": 0.6173015873015874,
      "faithfulness": 0.6916666666666667,
      "completeness": 0.6458333333333334,
      "relevancy": 0.7541666666666667
    }
  },
  "by_register": {
    "formal": {
      "context_utilization": 0.7142857142857143,
      "cite_precision": 0.6885714285714285,
      "cite_hit": 0.8571428571428571,
      "correctness": 0.6619047619047619,
      "cite_recall": 0.7380952380952381,
      "cite_f1": 0.6704988662131519,
      "faithfulness": 0.6833333333333333,
      "completeness": 0.6678571428571428,
      "relevancy": 0.7452380952380953
    },
    "colloquial": {
      "context_utilization": 0.95,
      "cite_precision": 0.7633333333333333,
      "cite_hit": 1.0,
      "correctness": 0.95,
      "cite_recall": 1.0,
      "cite_f1": 0.8277777777777777,
      "faithfulness": 0.95,
      "completeness": 0.925,
      "relevancy": 0.9583333333333334
    }
  },
  "timing_s": 314.5
}