{
  "config": {
    "chunker": "article",
    "retriever": "bm25",
    "embedder": "kure-v1",
    "byeolpyo": "md",
    "rerank": true,
    "hype": "questions",
    "hyde": true,
    "reranker_model": null
  },
  "n_chunks": 3251,
  "n_questions": 240,
  "overall": {
    "hit@1": 0.5,
    "recall@1": 0.41458333333333336,
    "ndcg@1": 0.5,
    "hit@3": 0.6708333333333333,
    "recall@3": 0.60625,
    "ndcg@3": 0.553401438070809,
    "hit@5": 0.7125,
    "recall@5": 0.6666666666666666,
    "ndcg@5": 0.5802238944036826,
    "hit@10": 0.75,
    "recall@10": 0.7083333333333334,
    "ndcg@10": 0.5948324001023971,
    "mrr": 0.5884259259259259
  },
  "by_type": {
    "factoid": {
      "hit@1": 0.5666666666666667,
      "recall@1": 0.5666666666666667,
      "ndcg@1": 0.5666666666666667,
      "hit@3": 0.6833333333333333,
      "recall@3": 0.6833333333333333,
      "ndcg@3": 0.6337286502380972,
      "hit@5": 0.7333333333333333,
      "recall@5": 0.7333333333333333,
      "ndcg@5": 0.6538016864471384,
      "hit@10": 0.8,
      "recall@10": 0.8,
      "ndcg@10": 0.6757095925395386,
      "mrr": 0.6367592592592592
    },
    "crossref": {
      "hit@1": 0.38333333333333336,
      "recall@1": 0.38333333333333336,
      "ndcg@1": 0.38333333333333336,
      "hit@3": 0.6166666666666667,
      "recall@3": 0.6166666666666667,
      "ndcg@3": 0.5196394630357186,
      "hit@5": 0.7,
      "recall@5": 0.7,
      "ndcg@5": 0.5547987803611872,
      "hit@10": 0.7333333333333333,
      "recall@10": 0.7333333333333333,
      "ndcg@10": 0.5666723532647879,
      "mrr": 0.5116666666666666
    },
    "byeolpyo": {
      "hit@1": 0.36666666666666664,
      "recall@1": 0.36666666666666664,
      "ndcg@1": 0.36666666666666664,
      "hit@3": 0.55,
      "recall@3": 0.55,
      "ndcg@3": 0.47142630869047913,
      "hit@5": 0.5833333333333334,
      "recall@5": 0.5833333333333334,
      "ndcg@5": 0.48432140226496384,
      "hit@10": 0.6166666666666667,
      "recall@10": 0.6166666666666667,
      "ndcg@10": 0.495515936663193,
      "mrr": 0.4559722222222222
    },
    "multihop": {
      "hit@1": 0.6833333333333333,
      "recall@1": 0.3416666666666667,
      "ndcg@1": 0.6833333333333333,
      "hit@3": 0.8333333333333334,
      "recall@3": 0.575,
      "ndcg@3": 0.5888113303189411,
      "hit@5": 0.8333333333333334,
      "recall@5": 0.65,
      "ndcg@5": 0.6279737085414414,
      "hit@10": 0.85,
      "recall@10": 0.6833333333333333,
      "ndcg@10": 0.6414317179420689,
      "mrr": 0.7493055555555556
    }
  },
  "by_register": {
    "lowoverlap": {
      "hit@1": 0.5,
      "recall@1": 0.41458333333333336,
      "ndcg@1": 0.5,
      "hit@3": 0.6708333333333333,
      "recall@3": 0.60625,
      "ndcg@3": 0.553401438070809,
      "hit@5": 0.7125,
      "recall@5": 0.6666666666666666,
      "ndcg@5": 0.5802238944036826,
      "hit@10": 0.75,
      "recall@10": 0.7083333333333334,
      "ndcg@10": 0.5948324001023971,
      "mrr": 0.5884259259259259
    }
  },
  "timing": {
    "chunk_s": 0.4,
    "index_s": 10.29,
    "query_s": 142.16,
    "q_per_s": 1.7
  }
}