{
  "config": {
    "chunker": "article",
    "retriever": "hybrid",
    "embedder": "kure-v1",
    "byeolpyo": "md",
    "rerank": false,
    "hype": null,
    "hyde": false
  },
  "n_chunks": 3251,
  "n_questions": 103,
  "overall": {
    "hit@1": 0.36893203883495146,
    "recall@1": 0.16583025431390278,
    "ndcg@1": 0.36893203883495146,
    "hit@3": 0.6310679611650486,
    "recall@3": 0.3458659835735717,
    "ndcg@3": 0.3882815314593066,
    "hit@5": 0.7184466019417476,
    "recall@5": 0.44336567239607605,
    "ndcg@5": 0.413696289658485,
    "hit@10": 0.8446601941747572,
    "recall@10": 0.5765624970753994,
    "ndcg@10": 0.44863728337469694,
    "mrr": 0.5145476961010942
  },
  "by_type": {
    "loc_single": {
      "hit@1": 0.275,
      "recall@1": 0.275,
      "ndcg@1": 0.275,
      "hit@3": 0.525,
      "recall@3": 0.525,
      "ndcg@3": 0.4130929753571458,
      "hit@5": 0.65,
      "recall@5": 0.65,
      "ndcg@5": 0.4647363575743773,
      "hit@10": 0.8,
      "recall@10": 0.8,
      "ndcg@10": 0.5120514580288719,
      "mrr": 0.4226388888888889
    },
    "loc_range": {
      "hit@1": 0.13043478260869565,
      "recall@1": 0.023550724637681156,
      "ndcg@1": 0.13043478260869565,
      "hit@3": 0.34782608695652173,
      "recall@3": 0.08695652173913043,
      "ndcg@3": 0.1331061977371516,
      "hit@5": 0.5217391304347826,
      "recall@5": 0.16268115942028985,
      "ndcg@5": 0.15526552096576848,
      "hit@10": 0.6956521739130435,
      "recall@10": 0.2442028985507246,
      "ndcg@10": 0.1880088035283493,
      "mrr": 0.28954451345755694
    },
    "loc_ambig": {
      "hit@1": 0.6,
      "recall@1": 0.13847123819163293,
      "ndcg@1": 0.6,
      "hit@3": 0.9,
      "recall@3": 0.31560490770194716,
      "ndcg@3": 0.5101959044517067,
      "hit@5": 0.9,
      "recall@5": 0.3981249397532292,
      "ndcg@5": 0.5112539137409045,
      "hit@10": 0.975,
      "recall@10": 0.544231763302487,
      "ndcg@10": 0.5350844846321718,
      "mrr": 0.7358333333333333
    }
  },
  "by_register": {
    "locator": {
      "hit@1": 0.36893203883495146,
      "recall@1": 0.16583025431390278,
      "ndcg@1": 0.36893203883495146,
      "hit@3": 0.6310679611650486,
      "recall@3": 0.3458659835735717,
      "ndcg@3": 0.3882815314593066,
      "hit@5": 0.7184466019417476,
      "recall@5": 0.44336567239607605,
      "ndcg@5": 0.413696289658485,
      "hit@10": 0.8446601941747572,
      "recall@10": 0.5765624970753994,
      "ndcg@10": 0.44863728337469694,
      "mrr": 0.5145476961010942
    }
  },
  "timing": {
    "chunk_s": 0.43,
    "index_s": 15.07,
    "query_s": 3.41,
    "q_per_s": 30.2
  }
}