{
  "config": {
    "chunker": "article",
    "retriever": "hybrid",
    "embedder": "kure-v1",
    "byeolpyo": "md",
    "rerank": false,
    "hype": "questions",
    "hyde": false,
    "reranker_model": null
  },
  "n_chunks": 3251,
  "n_questions": 240,
  "overall": {
    "hit@1": 0.5666666666666667,
    "recall@1": 0.4791666666666667,
    "ndcg@1": 0.5666666666666667,
    "hit@3": 0.75,
    "recall@3": 0.6875,
    "ndcg@3": 0.6340790148145551,
    "hit@5": 0.8166666666666667,
    "recall@5": 0.7625,
    "ndcg@5": 0.6659128539680775,
    "hit@10": 0.8916666666666667,
    "recall@10": 0.8583333333333333,
    "ndcg@10": 0.6991835978252863,
    "mrr": 0.675176917989418
  },
  "by_type": {
    "factoid": {
      "hit@1": 0.6666666666666666,
      "recall@1": 0.6666666666666666,
      "ndcg@1": 0.6666666666666666,
      "hit@3": 0.8333333333333334,
      "recall@3": 0.8333333333333334,
      "ndcg@3": 0.7696394630357186,
      "hit@5": 0.8833333333333333,
      "recall@5": 0.8833333333333333,
      "ndcg@5": 0.7897124992447598,
      "hit@10": 0.9333333333333333,
      "recall@10": 0.9333333333333333,
      "ndcg@10": 0.8066032387427603,
      "mrr": 0.7654629629629629
    },
    "crossref": {
      "hit@1": 0.3,
      "recall@1": 0.3,
      "ndcg@1": 0.3,
      "hit@3": 0.45,
      "recall@3": 0.45,
      "ndcg@3": 0.38809297535714576,
      "hit@5": 0.6166666666666667,
      "recall@5": 0.6166666666666667,
      "ndcg@5": 0.45475963077151194,
      "hit@10": 0.75,
      "recall@10": 0.75,
      "ndcg@10": 0.4978541430267501,
      "mrr": 0.42027116402116405
    },
    "byeolpyo": {
      "hit@1": 0.6,
      "recall@1": 0.6,
      "ndcg@1": 0.6,
      "hit@3": 0.8166666666666667,
      "recall@3": 0.8166666666666667,
      "ndcg@3": 0.727972796369052,
      "hit@5": 0.8333333333333334,
      "recall@5": 0.8333333333333334,
      "ndcg@5": 0.7351507390036086,
      "hit@10": 0.9333333333333333,
      "recall@10": 0.9333333333333333,
      "ndcg@10": 0.7694706069607652,
      "mrr": 0.7167328042328042
    },
    "multihop": {
      "hit@1": 0.7,
      "recall@1": 0.35,
      "ndcg@1": 0.7,
      "hit@3": 0.9,
      "recall@3": 0.65,
      "ndcg@3": 0.6506108244963043,
      "hit@5": 0.9333333333333333,
      "recall@5": 0.7166666666666667,
      "ndcg@5": 0.68402854685243,
      "hit@10": 0.95,
      "recall@10": 0.8166666666666667,
      "ndcg@10": 0.7228064025708694,
      "mrr": 0.7982407407407408
    }
  },
  "by_register": {
    "formal": {
      "hit@1": 0.5619047619047619,
      "recall@1": 0.46190476190476193,
      "ndcg@1": 0.5619047619047619,
      "hit@3": 0.7476190476190476,
      "recall@3": 0.6761904761904762,
      "ndcg@3": 0.6239253085125521,
      "hit@5": 0.8095238095238095,
      "recall@5": 0.7476190476190476,
      "ndcg@5": 0.6545716857711374,
      "hit@10": 0.8857142857142857,
      "recall@10": 0.8476190476190476,
      "ndcg@10": 0.6894656921661758,
      "mrr": 0.6695937263794407
    },
    "colloquial": {
      "hit@1": 0.6,
      "recall@1": 0.6,
      "ndcg@1": 0.6,
      "hit@3": 0.7666666666666667,
      "recall@3": 0.7666666666666667,
      "ndcg@3": 0.7051549589285763,
      "hit@5": 0.8666666666666667,
      "recall@5": 0.8666666666666667,
      "ndcg@5": 0.7453010313466587,
      "hit@10": 0.9333333333333333,
      "recall@10": 0.9333333333333333,
      "ndcg@10": 0.7672089374390588,
      "mrr": 0.7142592592592593
    }
  },
  "timing": {
    "chunk_s": 0.51,
    "index_s": 3.94,
    "query_s": 6.1,
    "q_per_s": 39.4
  }
}