{
  "config": {
    "chunker": "article",
    "retriever": "hybrid",
    "embedder": "kure-v1",
    "byeolpyo": "md",
    "rerank": false,
    "hype": null,
    "hyde": true
  },
  "n_chunks": 3251,
  "n_questions": 240,
  "overall": {
    "hit@1": 0.4708333333333333,
    "recall@1": 0.39375,
    "ndcg@1": 0.4708333333333333,
    "hit@3": 0.65,
    "recall@3": 0.5875,
    "ndcg@3": 0.5324311548128354,
    "hit@5": 0.725,
    "recall@5": 0.6708333333333333,
    "ndcg@5": 0.5692845651490349,
    "hit@10": 0.8083333333333333,
    "recall@10": 0.7645833333333333,
    "ndcg@10": 0.6009518699861716,
    "mrr": 0.5773048941798942
  },
  "by_type": {
    "factoid": {
      "hit@1": 0.65,
      "recall@1": 0.65,
      "ndcg@1": 0.65,
      "hit@3": 0.7833333333333333,
      "recall@3": 0.7833333333333333,
      "ndcg@3": 0.7275774794642882,
      "hit@5": 0.85,
      "recall@5": 0.85,
      "ndcg@5": 0.7548284583078859,
      "hit@10": 0.9,
      "recall@10": 0.9,
      "ndcg@10": 0.7713379669096415,
      "mrr": 0.7303439153439154
    },
    "crossref": {
      "hit@1": 0.21666666666666667,
      "recall@1": 0.21666666666666667,
      "ndcg@1": 0.21666666666666667,
      "hit@3": 0.38333333333333336,
      "recall@3": 0.38333333333333336,
      "ndcg@3": 0.31527513791667006,
      "hit@5": 0.43333333333333335,
      "recall@5": 0.43333333333333335,
      "ndcg@5": 0.3368089658203397,
      "hit@10": 0.55,
      "recall@10": 0.55,
      "ndcg@10": 0.374166111112879,
      "mrr": 0.31934523809523807
    },
    "byeolpyo": {
      "hit@1": 0.4,
      "recall@1": 0.4,
      "ndcg@1": 0.4,
      "hit@3": 0.6166666666666667,
      "recall@3": 0.6166666666666667,
      "ndcg@3": 0.5236084712500034,
      "hit@5": 0.7333333333333333,
      "recall@5": 0.7333333333333333,
      "ndcg@5": 0.5716628821499566,
      "hit@10": 0.8666666666666667,
      "recall@10": 0.8666666666666667,
      "ndcg@10": 0.6147573944051948,
      "mrr": 0.5361044973544974
    },
    "multihop": {
      "hit@1": 0.6166666666666667,
      "recall@1": 0.30833333333333335,
      "ndcg@1": 0.6166666666666667,
      "hit@3": 0.8166666666666667,
      "recall@3": 0.5666666666666667,
      "ndcg@3": 0.5632635306203803,
      "hit@5": 0.8833333333333333,
      "recall@5": 0.6666666666666666,
      "ndcg@5": 0.6138379543179572,
      "hit@10": 0.9166666666666666,
      "recall@10": 0.7416666666666667,
      "ndcg@10": 0.6435460075169709,
      "mrr": 0.723425925925926
    }
  },
  "by_register": {
    "formal": {
      "hit@1": 0.45714285714285713,
      "recall@1": 0.36904761904761907,
      "ndcg@1": 0.45714285714285713,
      "hit@3": 0.6333333333333333,
      "recall@3": 0.5619047619047619,
      "ndcg@3": 0.5113842280684102,
      "hit@5": 0.7095238095238096,
      "recall@5": 0.6476190476190476,
      "ndcg@5": 0.5496094143321242,
      "hit@10": 0.8,
      "recall@10": 0.75,
      "ndcg@10": 0.584104395159766,
      "mrr": 0.5639833711262283
    },
    "colloquial": {
      "hit@1": 0.5666666666666667,
      "recall@1": 0.5666666666666667,
      "ndcg@1": 0.5666666666666667,
      "hit@3": 0.7666666666666667,
      "recall@3": 0.7666666666666667,
      "ndcg@3": 0.6797596420238124,
      "hit@5": 0.8333333333333334,
      "recall@5": 0.8333333333333334,
      "ndcg@5": 0.7070106208674102,
      "hit@10": 0.8666666666666667,
      "recall@10": 0.8666666666666667,
      "ndcg@10": 0.718884193771011,
      "mrr": 0.6705555555555556
    }
  },
  "timing": {
    "chunk_s": 0.44,
    "index_s": 27.57,
    "query_s": 16.78,
    "q_per_s": 14.3
  }
}