{
  "config": {
    "chunker": "article",
    "retriever": "hybrid",
    "embedder": "kure-v1",
    "byeolpyo": "md",
    "rerank": true,
    "hype": null,
    "hyde": false,
    "reranker_model": "upskyy/ko-reranker-8k"
  },
  "n_chunks": 3251,
  "n_questions": 240,
  "overall": {
    "hit@1": 0.49583333333333335,
    "recall@1": 0.41041666666666665,
    "ndcg@1": 0.49583333333333335,
    "hit@3": 0.6791666666666667,
    "recall@3": 0.6166666666666667,
    "ndcg@3": 0.559341676581759,
    "hit@5": 0.7541666666666667,
    "recall@5": 0.7083333333333334,
    "ndcg@5": 0.5994188603115796,
    "hit@10": 0.8583333333333333,
    "recall@10": 0.81875,
    "ndcg@10": 0.6367049969188537,
    "mrr": 0.6080191798941799
  },
  "by_type": {
    "factoid": {
      "hit@1": 0.48333333333333334,
      "recall@1": 0.48333333333333334,
      "ndcg@1": 0.48333333333333334,
      "hit@3": 0.6833333333333333,
      "recall@3": 0.6833333333333333,
      "ndcg@3": 0.602972796369052,
      "hit@5": 0.7666666666666667,
      "recall@5": 0.7666666666666667,
      "ndcg@5": 0.6366713219998921,
      "hit@10": 0.8166666666666667,
      "recall@10": 0.8166666666666667,
      "ndcg@10": 0.6524430221513903,
      "mrr": 0.5996296296296296
    },
    "crossref": {
      "hit@1": 0.36666666666666664,
      "recall@1": 0.36666666666666664,
      "ndcg@1": 0.36666666666666664,
      "hit@3": 0.5666666666666667,
      "recall@3": 0.5666666666666667,
      "ndcg@3": 0.47975964202381244,
      "hit@5": 0.65,
      "recall@5": 0.65,
      "ndcg@5": 0.5141885635019668,
      "hit@10": 0.8,
      "recall@10": 0.8,
      "ndcg@10": 0.5624397923345573,
      "mrr": 0.4889484126984127
    },
    "byeolpyo": {
      "hit@1": 0.45,
      "recall@1": 0.45,
      "ndcg@1": 0.45,
      "hit@3": 0.6,
      "recall@3": 0.6,
      "ndcg@3": 0.54027513791667,
      "hit@5": 0.7,
      "recall@5": 0.7,
      "ndcg@5": 0.581882002029381,
      "hit@10": 0.8833333333333333,
      "recall@10": 0.8833333333333333,
      "ndcg@10": 0.6436818401551887,
      "mrr": 0.569728835978836
    },
    "multihop": {
      "hit@1": 0.6833333333333333,
      "recall@1": 0.3416666666666667,
      "ndcg@1": 0.6833333333333333,
      "hit@3": 0.8666666666666667,
      "recall@3": 0.6166666666666667,
      "ndcg@3": 0.6143591300175018,
      "hit@5": 0.9,
      "recall@5": 0.7166666666666667,
      "ndcg@5": 0.6649335537150787,
      "hit@10": 0.9333333333333333,
      "recall@10": 0.775,
      "ndcg@10": 0.6882553330342788,
      "mrr": 0.7737698412698413
    }
  },
  "by_register": {
    "lowoverlap": {
      "hit@1": 0.49583333333333335,
      "recall@1": 0.41041666666666665,
      "ndcg@1": 0.49583333333333335,
      "hit@3": 0.6791666666666667,
      "recall@3": 0.6166666666666667,
      "ndcg@3": 0.559341676581759,
      "hit@5": 0.7541666666666667,
      "recall@5": 0.7083333333333334,
      "ndcg@5": 0.5994188603115796,
      "hit@10": 0.8583333333333333,
      "recall@10": 0.81875,
      "ndcg@10": 0.6367049969188537,
      "mrr": 0.6080191798941799
    }
  },
  "timing": {
    "chunk_s": 0.39,
    "index_s": 22.0,
    "query_s": 212.77,
    "q_per_s": 1.1
  }
}