{
  "config": {
    "chunker": "article",
    "retriever": "bm25",
    "embedder": "kure-v1",
    "byeolpyo": "md",
    "rerank": true
  },
  "n_chunks": 3251,
  "n_questions": 240,
  "overall": {
    "hit@1": 0.6625,
    "recall@1": 0.5666666666666667,
    "ndcg@1": 0.6625,
    "hit@3": 0.8458333333333333,
    "recall@3": 0.7791666666666667,
    "ndcg@3": 0.7248791412702144,
    "hit@5": 0.9041666666666667,
    "recall@5": 0.8479166666666667,
    "ndcg@5": 0.7550666488386722,
    "hit@10": 0.95,
    "recall@10": 0.91875,
    "ndcg@10": 0.7806523832496528,
    "mrr": 0.7652827380952381
  },
  "by_type": {
    "factoid": {
      "hit@1": 0.7833333333333333,
      "recall@1": 0.7833333333333333,
      "ndcg@1": 0.7833333333333333,
      "hit@3": 0.9166666666666666,
      "recall@3": 0.9166666666666666,
      "ndcg@3": 0.8609108127976215,
      "hit@5": 0.9666666666666667,
      "recall@5": 0.9666666666666667,
      "ndcg@5": 0.881714244853977,
      "hit@10": 0.9666666666666667,
      "recall@10": 0.9666666666666667,
      "ndcg@10": 0.881714244853977,
      "mrr": 0.8533333333333334
    },
    "crossref": {
      "hit@1": 0.4166666666666667,
      "recall@1": 0.4166666666666667,
      "ndcg@1": 0.4166666666666667,
      "hit@3": 0.6,
      "recall@3": 0.6,
      "ndcg@3": 0.5214263086904791,
      "hit@5": 0.7166666666666667,
      "recall@5": 0.7166666666666667,
      "ndcg@5": 0.5694807195904323,
      "hit@10": 0.8333333333333334,
      "recall@10": 0.8333333333333334,
      "ndcg@10": 0.6074596771312457,
      "mrr": 0.5369179894179894
    },
    "byeolpyo": {
      "hit@1": 0.6833333333333333,
      "recall@1": 0.6833333333333333,
      "ndcg@1": 0.6833333333333333,
      "hit@3": 0.9166666666666666,
      "recall@3": 0.9166666666666666,
      "ndcg@3": 0.8283681132738159,
      "hit@5": 0.95,
      "recall@5": 0.95,
      "ndcg@5": 0.8419936026956147,
      "hit@10": 1.0,
      "recall@10": 1.0,
      "ndcg@10": 0.8591249235456443,
      "mrr": 0.8123611111111111
    },
    "multihop": {
      "hit@1": 0.7666666666666667,
      "recall@1": 0.38333333333333336,
      "ndcg@1": 0.7666666666666667,
      "hit@3": 0.95,
      "recall@3": 0.6833333333333333,
      "ndcg@3": 0.688811330318941,
      "hit@5": 0.9833333333333333,
      "recall@5": 0.7583333333333333,
      "ndcg@5": 0.7270780282146649,
      "hit@10": 1.0,
      "recall@10": 0.875,
      "ndcg@10": 0.7743106874677447,
      "mrr": 0.8585185185185186
    }
  },
  "by_register": {
    "formal": {
      "hit@1": 0.6571428571428571,
      "recall@1": 0.5476190476190477,
      "ndcg@1": 0.6571428571428571,
      "hit@3": 0.8428571428571429,
      "recall@3": 0.7666666666666667,
      "ndcg@3": 0.7146581173530336,
      "hit@5": 0.9,
      "recall@5": 0.8357142857142857,
      "ndcg@5": 0.7452651290250429,
      "hit@10": 0.9523809523809523,
      "recall@10": 0.9166666666666666,
      "ndcg@10": 0.774505968351878,
      "mrr": 0.7621485260770975
    },
    "colloquial": {
      "hit@1": 0.7,
      "recall@1": 0.7,
      "ndcg@1": 0.7,
      "hit@3": 0.8666666666666667,
      "recall@3": 0.8666666666666667,
      "ndcg@3": 0.7964263086904791,
      "hit@5": 0.9333333333333333,
      "recall@5": 0.9333333333333333,
      "ndcg@5": 0.8236772875340769,
      "hit@10": 0.9333333333333333,
      "recall@10": 0.9333333333333333,
      "ndcg@10": 0.8236772875340769,
      "mrr": 0.7872222222222223
    }
  },
  "timing": {
    "chunk_s": 0.41,
    "index_s": 12.49,
    "query_s": 214.93,
    "q_per_s": 1.1
  }
}