{
  "config": {
    "chunker": "article",
    "retriever": "bm25",
    "embedder": "kure-v1",
    "byeolpyo": "md",
    "rerank": false
  },
  "n_chunks": 3251,
  "n_questions": 240,
  "overall": {
    "hit@1": 0.5791666666666667,
    "recall@1": 0.4875,
    "ndcg@1": 0.5791666666666667,
    "hit@3": 0.8,
    "recall@3": 0.73125,
    "ndcg@3": 0.6600354052283568,
    "hit@5": 0.8875,
    "recall@5": 0.8354166666666667,
    "ndcg@5": 0.7043182469374493,
    "hit@10": 0.9791666666666666,
    "recall@10": 0.9416666666666667,
    "ndcg@10": 0.7408483025485889,
    "mrr": 0.7072949735449735
  },
  "by_type": {
    "factoid": {
      "hit@1": 0.7,
      "recall@1": 0.7,
      "ndcg@1": 0.7,
      "hit@3": 0.8,
      "recall@3": 0.8,
      "ndcg@3": 0.7587286502380972,
      "hit@5": 0.9,
      "recall@5": 0.9,
      "ndcg@5": 0.7988747226561798,
      "hit@10": 0.9166666666666666,
      "recall@10": 0.9166666666666666,
      "ndcg@10": 0.80481150910798,
      "mrr": 0.7688888888888888
    },
    "crossref": {
      "hit@1": 0.26666666666666666,
      "recall@1": 0.26666666666666666,
      "ndcg@1": 0.26666666666666666,
      "hit@3": 0.5833333333333334,
      "recall@3": 0.5833333333333334,
      "ndcg@3": 0.4446394630357186,
      "hit@5": 0.75,
      "recall@5": 0.75,
      "ndcg@5": 0.5134973059920274,
      "hit@10": 1.0,
      "recall@10": 1.0,
      "ndcg@10": 0.5933929664966907,
      "mrr": 0.4680026455026455
    },
    "byeolpyo": {
      "hit@1": 0.6166666666666667,
      "recall@1": 0.6166666666666667,
      "ndcg@1": 0.6166666666666667,
      "hit@3": 0.8833333333333333,
      "recall@3": 0.8833333333333333,
      "ndcg@3": 0.7761859507142915,
      "hit@5": 0.95,
      "recall@5": 0.95,
      "ndcg@5": 0.8034369295578894,
      "hit@10": 1.0,
      "recall@10": 1.0,
      "ndcg@10": 0.8195079810063025,
      "mrr": 0.7604365079365079
    },
    "multihop": {
      "hit@1": 0.7333333333333333,
      "recall@1": 0.36666666666666664,
      "ndcg@1": 0.7333333333333333,
      "hit@3": 0.9333333333333333,
      "recall@3": 0.6583333333333333,
      "ndcg@3": 0.6605875569253198,
      "hit@5": 0.95,
      "recall@5": 0.7416666666666667,
      "ndcg@5": 0.7014640295437006,
      "hit@10": 1.0,
      "recall@10": 0.85,
      "ndcg@10": 0.7456807535833825,
      "mrr": 0.8318518518518518
    }
  },
  "by_register": {
    "formal": {
      "hit@1": 0.580952380952381,
      "recall@1": 0.47619047619047616,
      "ndcg@1": 0.580952380952381,
      "hit@3": 0.8142857142857143,
      "recall@3": 0.7357142857142858,
      "ndcg@3": 0.662603036893632,
      "hit@5": 0.8952380952380953,
      "recall@5": 0.8357142857142857,
      "ndcg@5": 0.7056346894193709,
      "hit@10": 1.0,
      "recall@10": 0.9571428571428572,
      "ndcg@10": 0.7473833244035305,
      "mrr": 0.7154006046863189
    },
    "colloquial": {
      "hit@1": 0.5666666666666667,
      "recall@1": 0.5666666666666667,
      "ndcg@1": 0.5666666666666667,
      "hit@3": 0.7,
      "recall@3": 0.7,
      "ndcg@3": 0.6420619835714305,
      "hit@5": 0.8333333333333334,
      "recall@5": 0.8333333333333334,
      "ndcg@5": 0.6951031495639978,
      "hit@10": 0.8333333333333334,
      "recall@10": 0.8333333333333334,
      "ndcg@10": 0.6951031495639978,
      "mrr": 0.6505555555555556
    }
  },
  "timing": {
    "chunk_s": 0.48,
    "index_s": 0.49,
    "query_s": 3.59,
    "q_per_s": 66.9
  }
}