{
  "config": {
    "chunker": "article",
    "retriever": "vector",
    "embedder": "bge-m3",
    "byeolpyo": "md"
  },
  "n_chunks": 3251,
  "n_questions": 240,
  "overall": {
    "hit@1": 0.4791666666666667,
    "recall@1": 0.4041666666666667,
    "ndcg@1": 0.4791666666666667,
    "hit@3": 0.6875,
    "recall@3": 0.6145833333333334,
    "ndcg@3": 0.5526808268078385,
    "hit@5": 0.7541666666666667,
    "recall@5": 0.7020833333333333,
    "ndcg@5": 0.5906400850892853,
    "hit@10": 0.8,
    "recall@10": 0.7583333333333333,
    "ndcg@10": 0.61008617152959,
    "mrr": 0.5917410714285715
  },
  "by_type": {
    "factoid": {
      "hit@1": 0.6333333333333333,
      "recall@1": 0.6333333333333333,
      "ndcg@1": 0.6333333333333333,
      "hit@3": 0.8833333333333333,
      "recall@3": 0.8833333333333333,
      "ndcg@3": 0.7823371214881006,
      "hit@5": 0.9666666666666667,
      "recall@5": 0.9666666666666667,
      "ndcg@5": 0.816766042966255,
      "hit@10": 0.9666666666666667,
      "recall@10": 0.9666666666666667,
      "ndcg@10": 0.816766042966255,
      "mrr": 0.7663888888888889
    },
    "crossref": {
      "hit@1": 0.18333333333333332,
      "recall@1": 0.18333333333333332,
      "ndcg@1": 0.18333333333333332,
      "hit@3": 0.3,
      "recall@3": 0.3,
      "ndcg@3": 0.24821315434523955,
      "hit@5": 0.4,
      "recall@5": 0.4,
      "ndcg@5": 0.28835922676332204,
      "hit@10": 0.4666666666666667,
      "recall@10": 0.4666666666666667,
      "ndcg@10": 0.3090074439650043,
      "mrr": 0.26020502645502647
    },
    "byeolpyo": {
      "hit@1": 0.5,
      "recall@1": 0.5,
      "ndcg@1": 0.5,
      "hit@3": 0.7166666666666667,
      "recall@3": 0.7166666666666667,
      "ndcg@3": 0.6257906338095277,
      "hit@5": 0.8,
      "recall@5": 0.8,
      "ndcg@5": 0.6594891594403678,
      "hit@10": 0.8833333333333333,
      "recall@10": 0.8833333333333333,
      "ndcg@10": 0.6882534718419691,
      "mrr": 0.6257407407407407
    },
    "multihop": {
      "hit@1": 0.6,
      "recall@1": 0.3,
      "ndcg@1": 0.6,
      "hit@3": 0.85,
      "recall@3": 0.5583333333333333,
      "ndcg@3": 0.5543823975884862,
      "hit@5": 0.85,
      "recall@5": 0.6416666666666667,
      "ndcg@5": 0.5979459111871963,
      "hit@10": 0.8833333333333333,
      "recall@10": 0.7166666666666667,
      "ndcg@10": 0.6263177273451319,
      "mrr": 0.7146296296296296
    }
  },
  "by_register": {
    "formal": {
      "hit@1": 0.47619047619047616,
      "recall@1": 0.3904761904761905,
      "ndcg@1": 0.47619047619047616,
      "hit@3": 0.6619047619047619,
      "recall@3": 0.5785714285714286,
      "ndcg@3": 0.5296518578994335,
      "hit@5": 0.7285714285714285,
      "recall@5": 0.669047619047619,
      "ndcg@5": 0.5691408703862874,
      "hit@10": 0.780952380952381,
      "recall@10": 0.7333333333333333,
      "ndcg@10": 0.591364969175207,
      "mrr": 0.57968820861678
    },
    "colloquial": {
      "hit@1": 0.5,
      "recall@1": 0.5,
      "ndcg@1": 0.5,
      "hit@3": 0.8666666666666667,
      "recall@3": 0.8666666666666667,
      "ndcg@3": 0.7138836091666735,
      "hit@5": 0.9333333333333333,
      "recall@5": 0.9333333333333333,
      "ndcg@5": 0.7411345880102712,
      "hit@10": 0.9333333333333333,
      "recall@10": 0.9333333333333333,
      "ndcg@10": 0.7411345880102712,
      "mrr": 0.6761111111111112
    }
  },
  "timing": {
    "chunk_s": 0.42,
    "index_s": 18.12,
    "query_s": 4.13,
    "q_per_s": 58.1
  }
}