{
  "config": {
    "chunker": "article",
    "retriever": "vector",
    "embedder": "kure-v1",
    "byeolpyo": "md",
    "rerank": false,
    "hype": null,
    "hyde": false
  },
  "n_chunks": 3251,
  "n_questions": 103,
  "overall": {
    "hit@1": 0.3106796116504854,
    "recall@1": 0.1558316885379992,
    "ndcg@1": 0.3106796116504854,
    "hit@3": 0.5145631067961165,
    "recall@3": 0.27603775355116694,
    "ndcg@3": 0.32476840424781334,
    "hit@5": 0.6601941747572816,
    "recall@5": 0.37568808831264117,
    "ndcg@5": 0.3674136170965348,
    "hit@10": 0.7572815533980582,
    "recall@10": 0.4812623418142069,
    "ndcg@10": 0.4020094113965239,
    "mrr": 0.438962089690245
  },
  "by_type": {
    "loc_single": {
      "hit@1": 0.3,
      "recall@1": 0.3,
      "ndcg@1": 0.3,
      "hit@3": 0.45,
      "recall@3": 0.45,
      "ndcg@3": 0.38809297535714576,
      "hit@5": 0.525,
      "recall@5": 0.525,
      "ndcg@5": 0.41929812344167894,
      "hit@10": 0.6,
      "recall@10": 0.6,
      "ndcg@10": 0.44361567493062226,
      "mrr": 0.3942361111111111
    },
    "loc_range": {
      "hit@1": 0.17391304347826086,
      "recall@1": 0.041666666666666664,
      "ndcg@1": 0.17391304347826086,
      "hit@3": 0.34782608695652173,
      "recall@3": 0.0960144927536232,
      "ndcg@3": 0.1481667903507943,
      "hit@5": 0.43478260869565216,
      "recall@5": 0.13043478260869565,
      "ndcg@5": 0.14722587703932175,
      "hit@10": 0.6086956521739131,
      "recall@10": 0.2007246376811594,
      "ndcg@10": 0.17113436883135877,
      "mrr": 0.2723947550034507
    },
    "loc_ambig": {
      "hit@1": 0.4,
      "recall@1": 0.07730826465201465,
      "ndcg@1": 0.4,
      "hit@3": 0.675,
      "recall@3": 0.20558888206092152,
      "ndcg@3": 0.36298976112926684,
      "hit@5": 0.925,
      "recall@5": 0.3673968274050511,
      "ndcg@5": 0.4421370612842882,
      "hit@10": 1.0,
      "recall@10": 0.5238338635049161,
      "ndcg@10": 0.49315629733739536,
      "mrr": 0.5794642857142857
    }
  },
  "by_register": {
    "locator": {
      "hit@1": 0.3106796116504854,
      "recall@1": 0.1558316885379992,
      "ndcg@1": 0.3106796116504854,
      "hit@3": 0.5145631067961165,
      "recall@3": 0.27603775355116694,
      "ndcg@3": 0.32476840424781334,
      "hit@5": 0.6601941747572816,
      "recall@5": 0.37568808831264117,
      "ndcg@5": 0.3674136170965348,
      "hit@10": 0.7572815533980582,
      "recall@10": 0.4812623418142069,
      "ndcg@10": 0.4020094113965239,
      "mrr": 0.438962089690245
    }
  },
  "timing": {
    "chunk_s": 0.43,
    "index_s": 14.51,
    "query_s": 1.65,
    "q_per_s": 62.4
  }
}