{
  "config": {
    "chunker": "article",
    "retriever": "bm25",
    "embedder": "kure-v1",
    "byeolpyo": "md",
    "rerank": true,
    "hyde": false
  },
  "n_chunks": 3251,
  "n_questions": 240,
  "overall": {
    "hit@1": 0.5125,
    "recall@1": 0.425,
    "ndcg@1": 0.5125,
    "hit@3": 0.6666666666666666,
    "recall@3": 0.6,
    "ndcg@3": 0.5539357406286136,
    "hit@5": 0.7125,
    "recall@5": 0.65625,
    "ndcg@5": 0.5784456692325353,
    "hit@10": 0.7458333333333333,
    "recall@10": 0.7,
    "ndcg@10": 0.5941413858823388,
    "mrr": 0.5956911375661377
  },
  "by_type": {
    "factoid": {
      "hit@1": 0.5166666666666667,
      "recall@1": 0.5166666666666667,
      "ndcg@1": 0.5166666666666667,
      "hit@3": 0.6,
      "recall@3": 0.6,
      "ndcg@3": 0.5648798210119063,
      "hit@5": 0.6333333333333333,
      "recall@5": 0.6333333333333333,
      "ndcg@5": 0.5785053104337051,
      "hit@10": 0.6833333333333333,
      "recall@10": 0.6833333333333333,
      "ndcg@10": 0.5955532079966166,
      "mrr": 0.5678174603174603
    },
    "crossref": {
      "hit@1": 0.38333333333333336,
      "recall@1": 0.38333333333333336,
      "ndcg@1": 0.38333333333333336,
      "hit@3": 0.6333333333333333,
      "recall@3": 0.6333333333333333,
      "ndcg@3": 0.5257906338095277,
      "hit@5": 0.7,
      "recall@5": 0.7,
      "ndcg@5": 0.5523112168058113,
      "hit@10": 0.7333333333333333,
      "recall@10": 0.7333333333333333,
      "ndcg@10": 0.5628839389557665,
      "mrr": 0.5072883597883597
    },
    "byeolpyo": {
      "hit@1": 0.45,
      "recall@1": 0.45,
      "ndcg@1": 0.45,
      "hit@3": 0.6,
      "recall@3": 0.6,
      "ndcg@3": 0.54027513791667,
      "hit@5": 0.6666666666666666,
      "recall@5": 0.6666666666666666,
      "ndcg@5": 0.5682565126075821,
      "hit@10": 0.7166666666666667,
      "recall@10": 0.7166666666666667,
      "ndcg@10": 0.5856856410667384,
      "mrr": 0.5432142857142856
    },
    "multihop": {
      "hit@1": 0.7,
      "recall@1": 0.35,
      "ndcg@1": 0.7,
      "hit@3": 0.8333333333333334,
      "recall@3": 0.5666666666666667,
      "ndcg@3": 0.5847973697763503,
      "hit@5": 0.85,
      "recall@5": 0.625,
      "ndcg@5": 0.6147096370830428,
      "hit@10": 0.85,
      "recall@10": 0.6666666666666666,
      "ndcg@10": 0.6324427555102339,
      "mrr": 0.7644444444444445
    }
  },
  "by_register": {
    "lowoverlap": {
      "hit@1": 0.5125,
      "recall@1": 0.425,
      "ndcg@1": 0.5125,
      "hit@3": 0.6666666666666666,
      "recall@3": 0.6,
      "ndcg@3": 0.5539357406286136,
      "hit@5": 0.7125,
      "recall@5": 0.65625,
      "ndcg@5": 0.5784456692325353,
      "hit@10": 0.7458333333333333,
      "recall@10": 0.7,
      "ndcg@10": 0.5941413858823388,
      "mrr": 0.5956911375661377
    }
  },
  "timing": {
    "chunk_s": 0.51,
    "index_s": 23.6,
    "query_s": 168.33,
    "q_per_s": 1.4
  }
}