{
  "config": {
    "chunker": "article",
    "retriever": "hybrid",
    "embedder": "kure-v1",
    "byeolpyo": "md",
    "rerank": true,
    "hyde": false
  },
  "n_chunks": 3251,
  "n_questions": 240,
  "overall": {
    "hit@1": 0.5416666666666666,
    "recall@1": 0.4479166666666667,
    "ndcg@1": 0.5416666666666666,
    "hit@3": 0.7708333333333334,
    "recall@3": 0.7083333333333334,
    "ndcg@3": 0.6299640776522335,
    "hit@5": 0.8083333333333333,
    "recall@5": 0.75625,
    "ndcg@5": 0.651362192903381,
    "hit@10": 0.8916666666666667,
    "recall@10": 0.8520833333333333,
    "ndcg@10": 0.6843881679746199,
    "mrr": 0.6614186507936508
  },
  "by_type": {
    "factoid": {
      "hit@1": 0.5833333333333334,
      "recall@1": 0.5833333333333334,
      "ndcg@1": 0.5833333333333334,
      "hit@3": 0.7666666666666667,
      "recall@3": 0.7666666666666667,
      "ndcg@3": 0.6902751379166701,
      "hit@5": 0.8,
      "recall@5": 0.8,
      "ndcg@5": 0.7039006273384689,
      "hit@10": 0.85,
      "recall@10": 0.85,
      "ndcg@10": 0.7209485249013805,
      "mrr": 0.6789285714285714
    },
    "crossref": {
      "hit@1": 0.4,
      "recall@1": 0.4,
      "ndcg@1": 0.4,
      "hit@3": 0.7,
      "recall@3": 0.7,
      "ndcg@3": 0.571821625595243,
      "hit@5": 0.7333333333333333,
      "recall@5": 0.7333333333333333,
      "ndcg@5": 0.5854471150170418,
      "hit@10": 0.8666666666666667,
      "recall@10": 0.8666666666666667,
      "ndcg@10": 0.6299012479708114,
      "mrr": 0.5543915343915344
    },
    "byeolpyo": {
      "hit@1": 0.43333333333333335,
      "recall@1": 0.43333333333333335,
      "ndcg@1": 0.43333333333333335,
      "hit@3": 0.7166666666666667,
      "recall@3": 0.7166666666666667,
      "ndcg@3": 0.6011859507142916,
      "hit@5": 0.7833333333333333,
      "recall@5": 0.7833333333333333,
      "ndcg@5": 0.6291673254052036,
      "hit@10": 0.9,
      "recall@10": 0.9,
      "ndcg@10": 0.6681231290605151,
      "mrr": 0.5937433862433862
    },
    "multihop": {
      "hit@1": 0.75,
      "recall@1": 0.375,
      "ndcg@1": 0.75,
      "hit@3": 0.9,
      "recall@3": 0.65,
      "ndcg@3": 0.6565735963827292,
      "hit@5": 0.9166666666666666,
      "recall@5": 0.7083333333333334,
      "ndcg@5": 0.6869337038528099,
      "hit@10": 0.95,
      "recall@10": 0.7916666666666666,
      "ndcg@10": 0.7185797699657727,
      "mrr": 0.8186111111111111
    }
  },
  "by_register": {
    "lowoverlap": {
      "hit@1": 0.5416666666666666,
      "recall@1": 0.4479166666666667,
      "ndcg@1": 0.5416666666666666,
      "hit@3": 0.7708333333333334,
      "recall@3": 0.7083333333333334,
      "ndcg@3": 0.6299640776522335,
      "hit@5": 0.8083333333333333,
      "recall@5": 0.75625,
      "ndcg@5": 0.651362192903381,
      "hit@10": 0.8916666666666667,
      "recall@10": 0.8520833333333333,
      "ndcg@10": 0.6843881679746199,
      "mrr": 0.6614186507936508
    }
  },
  "timing": {
    "chunk_s": 0.39,
    "index_s": 21.81,
    "query_s": 206.59,
    "q_per_s": 1.2
  }
}