{
  "config": {
    "chunker": "article",
    "retriever": "hybrid",
    "embedder": "kure-v1",
    "byeolpyo": "md",
    "rerank": true,
    "hype": null,
    "hyde": false,
    "reranker_model": "BAAI/bge-reranker-large"
  },
  "n_chunks": 3251,
  "n_questions": 240,
  "overall": {
    "hit@1": 0.49583333333333335,
    "recall@1": 0.4083333333333333,
    "ndcg@1": 0.49583333333333335,
    "hit@3": 0.7375,
    "recall@3": 0.6708333333333333,
    "ndcg@3": 0.5872063297058046,
    "hit@5": 0.7875,
    "recall@5": 0.7291666666666666,
    "ndcg@5": 0.6134758620660546,
    "hit@10": 0.8583333333333333,
    "recall@10": 0.8145833333333333,
    "ndcg@10": 0.6438466473498834,
    "mrr": 0.6214831349206349
  },
  "by_type": {
    "factoid": {
      "hit@1": 0.5666666666666667,
      "recall@1": 0.5666666666666667,
      "ndcg@1": 0.5666666666666667,
      "hit@3": 0.7666666666666667,
      "recall@3": 0.7666666666666667,
      "ndcg@3": 0.6819418045833368,
      "hit@5": 0.8,
      "recall@5": 0.8,
      "ndcg@5": 0.6955672940051356,
      "hit@10": 0.85,
      "recall@10": 0.85,
      "ndcg@10": 0.7126151915680471,
      "mrr": 0.6678174603174603
    },
    "crossref": {
      "hit@1": 0.3333333333333333,
      "recall@1": 0.3333333333333333,
      "ndcg@1": 0.3333333333333333,
      "hit@3": 0.7333333333333333,
      "recall@3": 0.7333333333333333,
      "ndcg@3": 0.5595192840476249,
      "hit@5": 0.8,
      "recall@5": 0.8,
      "ndcg@5": 0.5867702628912227,
      "hit@10": 0.85,
      "recall@10": 0.85,
      "ndcg@10": 0.6031391219487626,
      "mrr": 0.5218452380952381
    },
    "byeolpyo": {
      "hit@1": 0.38333333333333336,
      "recall@1": 0.38333333333333336,
      "ndcg@1": 0.38333333333333336,
      "hit@3": 0.5833333333333334,
      "recall@3": 0.5833333333333334,
      "ndcg@3": 0.5007906338095277,
      "hit@5": 0.6333333333333333,
      "recall@5": 0.6333333333333333,
      "ndcg@5": 0.5223244617131974,
      "hit@10": 0.75,
      "recall@10": 0.75,
      "ndcg@10": 0.560741876407353,
      "mrr": 0.5009920634920635
    },
    "multihop": {
      "hit@1": 0.7,
      "recall@1": 0.35,
      "ndcg@1": 0.7,
      "hit@3": 0.8666666666666667,
      "recall@3": 0.6,
      "ndcg@3": 0.6065735963827291,
      "hit@5": 0.9166666666666666,
      "recall@5": 0.6833333333333333,
      "ndcg@5": 0.649241429654663,
      "hit@10": 0.9833333333333333,
      "recall@10": 0.8083333333333333,
      "ndcg@10": 0.6988903994753706,
      "mrr": 0.7952777777777779
    }
  },
  "by_register": {
    "lowoverlap": {
      "hit@1": 0.49583333333333335,
      "recall@1": 0.4083333333333333,
      "ndcg@1": 0.49583333333333335,
      "hit@3": 0.7375,
      "recall@3": 0.6708333333333333,
      "ndcg@3": 0.5872063297058046,
      "hit@5": 0.7875,
      "recall@5": 0.7291666666666666,
      "ndcg@5": 0.6134758620660546,
      "hit@10": 0.8583333333333333,
      "recall@10": 0.8145833333333333,
      "ndcg@10": 0.6438466473498834,
      "mrr": 0.6214831349206349
    }
  },
  "timing": {
    "chunk_s": 0.46,
    "index_s": 38.96,
    "query_s": 47.78,
    "q_per_s": 5.0
  }
}