{
  "config": {
    "chunker": "article",
    "retriever": "hybrid",
    "embedder": "kure-v1",
    "byeolpyo": "md",
    "rerank": true,
    "hype": "questions",
    "hyde": false,
    "reranker_model": null
  },
  "n_chunks": 3251,
  "n_questions": 240,
  "overall": {
    "hit@1": 0.675,
    "recall@1": 0.5791666666666667,
    "ndcg@1": 0.675,
    "hit@3": 0.8625,
    "recall@3": 0.79375,
    "ndcg@3": 0.7381850846186196,
    "hit@5": 0.9208333333333333,
    "recall@5": 0.8604166666666667,
    "ndcg@5": 0.767272308343025,
    "hit@10": 0.9666666666666667,
    "recall@10": 0.9333333333333333,
    "ndcg@10": 0.7935156289956239,
    "mrr": 0.7798363095238094
  },
  "by_type": {
    "factoid": {
      "hit@1": 0.8166666666666667,
      "recall@1": 0.8166666666666667,
      "ndcg@1": 0.8166666666666667,
      "hit@3": 0.95,
      "recall@3": 0.95,
      "ndcg@3": 0.8942441461309548,
      "hit@5": 1.0,
      "recall@5": 1.0,
      "ndcg@5": 0.9150475781873103,
      "hit@10": 1.0,
      "recall@10": 1.0,
      "ndcg@10": 0.9150475781873103,
      "mrr": 0.8866666666666667
    },
    "crossref": {
      "hit@1": 0.43333333333333335,
      "recall@1": 0.43333333333333335,
      "ndcg@1": 0.43333333333333335,
      "hit@3": 0.6333333333333333,
      "recall@3": 0.6333333333333333,
      "ndcg@3": 0.5464263086904791,
      "hit@5": 0.75,
      "recall@5": 0.75,
      "ndcg@5": 0.5944807195904324,
      "hit@10": 0.8833333333333333,
      "recall@10": 0.8833333333333333,
      "ndcg@10": 0.6384963953908595,
      "mrr": 0.561984126984127
    },
    "byeolpyo": {
      "hit@1": 0.6833333333333333,
      "recall@1": 0.6833333333333333,
      "ndcg@1": 0.6833333333333333,
      "hit@3": 0.9166666666666666,
      "recall@3": 0.9166666666666666,
      "ndcg@3": 0.8283681132738159,
      "hit@5": 0.95,
      "recall@5": 0.95,
      "ndcg@5": 0.8419936026956147,
      "hit@10": 1.0,
      "recall@10": 1.0,
      "ndcg@10": 0.8591249235456443,
      "mrr": 0.8123611111111111
    },
    "multihop": {
      "hit@1": 0.7666666666666667,
      "recall@1": 0.38333333333333336,
      "ndcg@1": 0.7666666666666667,
      "hit@3": 0.95,
      "recall@3": 0.675,
      "ndcg@3": 0.6837017703792287,
      "hit@5": 0.9833333333333333,
      "recall@5": 0.7416666666666667,
      "ndcg@5": 0.7175673328987429,
      "hit@10": 0.9833333333333333,
      "recall@10": 0.85,
      "ndcg@10": 0.7613936188586813,
      "mrr": 0.8583333333333333
    }
  },
  "by_register": {
    "formal": {
      "hit@1": 0.6619047619047619,
      "recall@1": 0.5523809523809524,
      "ndcg@1": 0.6619047619047619,
      "hit@3": 0.8523809523809524,
      "recall@3": 0.7738095238095238,
      "ndcg@3": 0.7203411002274016,
      "hit@5": 0.9095238095238095,
      "recall@5": 0.8404761904761905,
      "ndcg@5": 0.7496906446490653,
      "hit@10": 0.9619047619047619,
      "recall@10": 0.9238095238095239,
      "ndcg@10": 0.7796830111091781,
      "mrr": 0.7692573696145125
    },
    "colloquial": {
      "hit@1": 0.7666666666666667,
      "recall@1": 0.7666666666666667,
      "ndcg@1": 0.7666666666666667,
      "hit@3": 0.9333333333333333,
      "recall@3": 0.9333333333333333,
      "ndcg@3": 0.8630929753571458,
      "hit@5": 1.0,
      "recall@5": 1.0,
      "ndcg@5": 0.8903439542007435,
      "hit@10": 1.0,
      "recall@10": 1.0,
      "ndcg@10": 0.8903439542007435,
      "mrr": 0.8538888888888889
    }
  },
  "timing": {
    "chunk_s": 0.39,
    "index_s": 10.88,
    "query_s": 152.73,
    "q_per_s": 1.6
  }
}