{
  "config": {
    "chunker": "article",
    "retriever": "hybrid",
    "embedder": "kure-v1",
    "byeolpyo": "md",
    "rerank": true,
    "hype": null,
    "hyde": false,
    "reranker_model": "upskyy/ko-reranker-8k"
  },
  "n_chunks": 3251,
  "n_questions": 103,
  "overall": {
    "hit@1": 0.8058252427184466,
    "recall@1": 0.404606959426198,
    "ndcg@1": 0.8058252427184466,
    "hit@3": 0.883495145631068,
    "recall@3": 0.6257371982046228,
    "ndcg@3": 0.7796177227066277,
    "hit@5": 0.9029126213592233,
    "recall@5": 0.676623562734319,
    "ndcg@5": 0.7704235278355053,
    "hit@10": 0.9223300970873787,
    "recall@10": 0.7122519938756526,
    "ndcg@10": 0.7492583183130623,
    "mrr": 0.8468716289104639
  },
  "by_type": {
    "loc_single": {
      "hit@1": 0.75,
      "recall@1": 0.75,
      "ndcg@1": 0.75,
      "hit@3": 0.875,
      "recall@3": 0.875,
      "ndcg@3": 0.8223197315178593,
      "hit@5": 0.875,
      "recall@5": 0.875,
      "ndcg@5": 0.8223197315178593,
      "hit@10": 0.875,
      "recall@10": 0.875,
      "ndcg@10": 0.8223197315178593,
      "mrr": 0.8041666666666666
    },
    "loc_range": {
      "hit@1": 0.5652173913043478,
      "recall@1": 0.1391304347826087,
      "ndcg@1": 0.5652173913043478,
      "hit@3": 0.6956521739130435,
      "recall@3": 0.2641304347826087,
      "ndcg@3": 0.39616322900445233,
      "hit@5": 0.782608695652174,
      "recall@5": 0.34528985507246374,
      "ndcg@5": 0.3887025281404156,
      "hit@10": 0.8695652173913043,
      "recall@10": 0.39565217391304347,
      "ndcg@10": 0.4049467002556724,
      "mrr": 0.6548309178743962
    },
    "loc_ambig": {
      "hit@1": 1.0,
      "recall@1": 0.21186292052245997,
      "ndcg@1": 1.0,
      "hit@3": 1.0,
      "recall@3": 0.5843982853769039,
      "ndcg@3": 0.9574020477741467,
      "hit@5": 1.0,
      "recall@5": 0.6687640073742047,
      "ndcg@5": 0.9380168989778278,
      "hit@10": 1.0,
      "recall@10": 0.7315488842298052,
      "ndcg@10": 0.8741760854912645,
      "mrr": 1.0
    }
  },
  "by_register": {
    "locator": {
      "hit@1": 0.8058252427184466,
      "recall@1": 0.404606959426198,
      "ndcg@1": 0.8058252427184466,
      "hit@3": 0.883495145631068,
      "recall@3": 0.6257371982046228,
      "ndcg@3": 0.7796177227066277,
      "hit@5": 0.9029126213592233,
      "recall@5": 0.676623562734319,
      "ndcg@5": 0.7704235278355053,
      "hit@10": 0.9223300970873787,
      "recall@10": 0.7122519938756526,
      "ndcg@10": 0.7492583183130623,
      "mrr": 0.8468716289104639
    }
  },
  "timing": {
    "chunk_s": 0.39,
    "index_s": 21.54,
    "query_s": 100.7,
    "q_per_s": 1.0
  }
}