{
  "config": {
    "chunker": "article",
    "retriever": "vector",
    "embedder": "kure-v1",
    "byeolpyo": "md",
    "rerank": false,
    "hyde": false
  },
  "n_chunks": 3251,
  "n_questions": 240,
  "overall": {
    "hit@1": 0.4708333333333333,
    "recall@1": 0.40208333333333335,
    "ndcg@1": 0.4708333333333333,
    "hit@3": 0.7125,
    "recall@3": 0.65625,
    "ndcg@3": 0.5761790074192953,
    "hit@5": 0.825,
    "recall@5": 0.7666666666666667,
    "ndcg@5": 0.6258526204382197,
    "hit@10": 0.8708333333333333,
    "recall@10": 0.83125,
    "ndcg@10": 0.6483820880989237,
    "mrr": 0.6116286375661376
  },
  "by_type": {
    "factoid": {
      "hit@1": 0.4666666666666667,
      "recall@1": 0.4666666666666667,
      "ndcg@1": 0.4666666666666667,
      "hit@3": 0.75,
      "recall@3": 0.75,
      "ndcg@3": 0.6323371214881006,
      "hit@5": 0.8666666666666667,
      "recall@5": 0.8666666666666667,
      "ndcg@5": 0.6818523240826821,
      "hit@10": 0.8666666666666667,
      "recall@10": 0.8666666666666667,
      "ndcg@10": 0.6818523240826821,
      "mrr": 0.62
    },
    "crossref": {
      "hit@1": 0.4,
      "recall@1": 0.4,
      "ndcg@1": 0.4,
      "hit@3": 0.6166666666666667,
      "recall@3": 0.6166666666666667,
      "ndcg@3": 0.5257906338095277,
      "hit@5": 0.7333333333333333,
      "recall@5": 0.7333333333333333,
      "ndcg@5": 0.5745754405567952,
      "hit@10": 0.8166666666666667,
      "recall@10": 0.8166666666666667,
      "ndcg@10": 0.6024366416216911,
      "mrr": 0.5339484126984128
    },
    "byeolpyo": {
      "hit@1": 0.4666666666666667,
      "recall@1": 0.4666666666666667,
      "ndcg@1": 0.4666666666666667,
      "hit@3": 0.6833333333333333,
      "recall@3": 0.6833333333333333,
      "ndcg@3": 0.5946394630357187,
      "hit@5": 0.7333333333333333,
      "recall@5": 0.7333333333333333,
      "ndcg@5": 0.6154428950920742,
      "hit@10": 0.8333333333333334,
      "recall@10": 0.8333333333333334,
      "ndcg@10": 0.6475246843562263,
      "mrr": 0.5886772486772487
    },
    "multihop": {
      "hit@1": 0.55,
      "recall@1": 0.275,
      "ndcg@1": 0.55,
      "hit@3": 0.8,
      "recall@3": 0.575,
      "ndcg@3": 0.5519488113438343,
      "hit@5": 0.9666666666666667,
      "recall@5": 0.7333333333333333,
      "ndcg@5": 0.6315398220213273,
      "hit@10": 0.9666666666666667,
      "recall@10": 0.8083333333333333,
      "ndcg@10": 0.6617147023350952,
      "mrr": 0.7038888888888889
    }
  },
  "by_register": {
    "lowoverlap": {
      "hit@1": 0.4708333333333333,
      "recall@1": 0.40208333333333335,
      "ndcg@1": 0.4708333333333333,
      "hit@3": 0.7125,
      "recall@3": 0.65625,
      "ndcg@3": 0.5761790074192953,
      "hit@5": 0.825,
      "recall@5": 0.7666666666666667,
      "ndcg@5": 0.6258526204382197,
      "hit@10": 0.8708333333333333,
      "recall@10": 0.83125,
      "ndcg@10": 0.6483820880989237,
      "mrr": 0.6116286375661376
    }
  },
  "timing": {
    "chunk_s": 0.39,
    "index_s": 14.38,
    "query_s": 2.33,
    "q_per_s": 103.1
  }
}