{
  "config": {
    "chunker": "article",
    "retriever": "bm25",
    "embedder": "kure-v1",
    "byeolpyo": "md",
    "rerank": true,
    "hype": "questions",
    "hyde": false
  },
  "n_chunks": 3251,
  "n_questions": 240,
  "overall": {
    "hit@1": 0.6208333333333333,
    "recall@1": 0.53125,
    "ndcg@1": 0.6208333333333333,
    "hit@3": 0.7541666666666667,
    "recall@3": 0.6895833333333333,
    "ndcg@3": 0.6553971802600278,
    "hit@5": 0.7875,
    "recall@5": 0.7354166666666667,
    "ndcg@5": 0.6761006566825319,
    "hit@10": 0.8,
    "recall@10": 0.7645833333333333,
    "ndcg@10": 0.6872649679477612,
    "mrr": 0.6912549603174603
  },
  "by_type": {
    "factoid": {
      "hit@1": 0.7666666666666667,
      "recall@1": 0.7666666666666667,
      "ndcg@1": 0.7666666666666667,
      "hit@3": 0.9,
      "recall@3": 0.9,
      "ndcg@3": 0.8442441461309548,
      "hit@5": 0.95,
      "recall@5": 0.95,
      "ndcg@5": 0.8650475781873103,
      "hit@10": 0.95,
      "recall@10": 0.95,
      "ndcg@10": 0.8650475781873103,
      "mrr": 0.8366666666666667
    },
    "crossref": {
      "hit@1": 0.36666666666666664,
      "recall@1": 0.36666666666666664,
      "ndcg@1": 0.36666666666666664,
      "hit@3": 0.4,
      "recall@3": 0.4,
      "ndcg@3": 0.3855154958928576,
      "hit@5": 0.4166666666666667,
      "recall@5": 0.4166666666666667,
      "ndcg@5": 0.39196304268009996,
      "hit@10": 0.4166666666666667,
      "recall@10": 0.4166666666666667,
      "ndcg@10": 0.39196304268009996,
      "mrr": 0.3838888888888889
    },
    "byeolpyo": {
      "hit@1": 0.6333333333333333,
      "recall@1": 0.6333333333333333,
      "ndcg@1": 0.6333333333333333,
      "hit@3": 0.85,
      "recall@3": 0.85,
      "ndcg@3": 0.7656704548214339,
      "hit@5": 0.8833333333333333,
      "recall@5": 0.8833333333333333,
      "ndcg@5": 0.7785655483959186,
      "hit@10": 0.9166666666666666,
      "recall@10": 0.9166666666666666,
      "ndcg@10": 0.7900578904032745,
      "mrr": 0.7479365079365079
    },
    "multihop": {
      "hit@1": 0.7166666666666667,
      "recall@1": 0.35833333333333334,
      "ndcg@1": 0.7166666666666667,
      "hit@3": 0.8666666666666667,
      "recall@3": 0.6083333333333333,
      "ndcg@3": 0.6261586241948649,
      "hit@5": 0.9,
      "recall@5": 0.6916666666666667,
      "ndcg@5": 0.6688264574667987,
      "hit@10": 0.9166666666666666,
      "recall@10": 0.775,
      "ndcg@10": 0.7019913605203598,
      "mrr": 0.7965277777777777
    }
  },
  "by_register": {
    "formal": {
      "hit@1": 0.6047619047619047,
      "recall@1": 0.5023809523809524,
      "ndcg@1": 0.6047619047619047,
      "hit@3": 0.7333333333333333,
      "recall@3": 0.6595238095238095,
      "ndcg@3": 0.6304882571509156,
      "hit@5": 0.7619047619047619,
      "recall@5": 0.7023809523809523,
      "ndcg@5": 0.6502563760846921,
      "hit@10": 0.7761904761904762,
      "recall@10": 0.7357142857142858,
      "ndcg@10": 0.66301558895924,
      "mrr": 0.6727834467120182
    },
    "colloquial": {
      "hit@1": 0.7333333333333333,
      "recall@1": 0.7333333333333333,
      "ndcg@1": 0.7333333333333333,
      "hit@3": 0.9,
      "recall@3": 0.9,
      "ndcg@3": 0.8297596420238125,
      "hit@5": 0.9666666666666667,
      "recall@5": 0.9666666666666667,
      "ndcg@5": 0.8570106208674102,
      "hit@10": 0.9666666666666667,
      "recall@10": 0.9666666666666667,
      "ndcg@10": 0.8570106208674102,
      "mrr": 0.8205555555555556
    }
  },
  "timing": {
    "chunk_s": 0.44,
    "index_s": 13.18,
    "query_s": 191.52,
    "q_per_s": 1.3
  }
}