{
  "config": {
    "chunker": "article",
    "retriever": "hybrid",
    "embedder": "kure-v1",
    "byeolpyo": "md",
    "rerank": false
  },
  "n_chunks": 3251,
  "n_questions": 240,
  "overall": {
    "hit@1": 0.5833333333333334,
    "recall@1": 0.5,
    "ndcg@1": 0.5833333333333334,
    "hit@3": 0.8208333333333333,
    "recall@3": 0.75,
    "ndcg@3": 0.6782623407526286,
    "hit@5": 0.8875,
    "recall@5": 0.83125,
    "ndcg@5": 0.7129496282889771,
    "hit@10": 0.925,
    "recall@10": 0.89375,
    "ndcg@10": 0.7349853469618153,
    "mrr": 0.7100909391534391
  },
  "by_type": {
    "factoid": {
      "hit@1": 0.75,
      "recall@1": 0.75,
      "ndcg@1": 0.75,
      "hit@3": 0.85,
      "recall@3": 0.85,
      "ndcg@3": 0.8109108127976214,
      "hit@5": 0.95,
      "recall@5": 0.95,
      "ndcg@5": 0.8517872810630182,
      "hit@10": 0.9666666666666667,
      "recall@10": 0.9666666666666667,
      "ndcg@10": 0.8566050281683163,
      "mrr": 0.8213888888888888
    },
    "crossref": {
      "hit@1": 0.3,
      "recall@1": 0.3,
      "ndcg@1": 0.3,
      "hit@3": 0.55,
      "recall@3": 0.55,
      "ndcg@3": 0.4468216255952429,
      "hit@5": 0.6333333333333333,
      "recall@5": 0.6333333333333333,
      "ndcg@5": 0.4812505470733973,
      "hit@10": 0.7666666666666667,
      "recall@10": 0.7666666666666667,
      "ndcg@10": 0.5241456398395339,
      "mrr": 0.4478637566137566
    },
    "byeolpyo": {
      "hit@1": 0.6166666666666667,
      "recall@1": 0.6166666666666667,
      "ndcg@1": 0.6166666666666667,
      "hit@3": 0.9333333333333333,
      "recall@3": 0.9333333333333333,
      "ndcg@3": 0.8033681132738159,
      "hit@5": 1.0,
      "recall@5": 1.0,
      "ndcg@5": 0.8298886962700994,
      "hit@10": 1.0,
      "recall@10": 1.0,
      "ndcg@10": 0.8298886962700994,
      "mrr": 0.7725000000000001
    },
    "multihop": {
      "hit@1": 0.6666666666666666,
      "recall@1": 0.3333333333333333,
      "ndcg@1": 0.6666666666666666,
      "hit@3": 0.95,
      "recall@3": 0.6666666666666666,
      "ndcg@3": 0.6519488113438343,
      "hit@5": 0.9666666666666667,
      "recall@5": 0.7416666666666667,
      "ndcg@5": 0.6888719887493936,
      "hit@10": 0.9666666666666667,
      "recall@10": 0.8416666666666667,
      "ndcg@10": 0.7293020235693116,
      "mrr": 0.798611111111111
    }
  },
  "by_register": {
    "formal": {
      "hit@1": 0.5761904761904761,
      "recall@1": 0.48095238095238096,
      "ndcg@1": 0.5761904761904761,
      "hit@3": 0.8285714285714286,
      "recall@3": 0.7476190476190476,
      "ndcg@3": 0.6726630607921192,
      "hit@5": 0.8857142857142857,
      "recall@5": 0.8214285714285714,
      "ndcg@5": 0.704519681164061,
      "hit@10": 0.9238095238095239,
      "recall@10": 0.888095238095238,
      "ndcg@10": 0.7283268604743622,
      "mrr": 0.70677059712774
    },
    "colloquial": {
      "hit@1": 0.6333333333333333,
      "recall@1": 0.6333333333333333,
      "ndcg@1": 0.6333333333333333,
      "hit@3": 0.7666666666666667,
      "recall@3": 0.7666666666666667,
      "ndcg@3": 0.7174573004761944,
      "hit@5": 0.9,
      "recall@5": 0.9,
      "ndcg@5": 0.77195925816339,
      "hit@10": 0.9333333333333333,
      "recall@10": 0.9333333333333333,
      "ndcg@10": 0.7815947523739862,
      "mrr": 0.7333333333333333
    }
  },
  "timing": {
    "chunk_s": 0.42,
    "index_s": 20.29,
    "query_s": 10.13,
    "q_per_s": 23.7
  }
}