{
  "config": {
    "chunker": "article",
    "retriever": "bm25",
    "embedder": "kure-v1",
    "byeolpyo": "md",
    "rerank": false,
    "hype": null,
    "hyde": false
  },
  "n_chunks": 3251,
  "n_questions": 103,
  "overall": {
    "hit@1": 0.18446601941747573,
    "recall@1": 0.07894261886980333,
    "ndcg@1": 0.18446601941747573,
    "hit@3": 0.2815533980582524,
    "recall@3": 0.15290950958426686,
    "ndcg@3": 0.16617764849436098,
    "hit@5": 0.34951456310679613,
    "recall@5": 0.19653659447348767,
    "ndcg@5": 0.177002872134658,
    "hit@10": 0.47572815533980584,
    "recall@10": 0.26020973363206373,
    "ndcg@10": 0.19784409244347292,
    "mrr": 0.2589266450916936
  },
  "by_type": {
    "loc_single": {
      "hit@1": 0.125,
      "recall@1": 0.125,
      "ndcg@1": 0.125,
      "hit@3": 0.25,
      "recall@3": 0.25,
      "ndcg@3": 0.1973197315178593,
      "hit@5": 0.325,
      "recall@5": 0.325,
      "ndcg@5": 0.22962047337336378,
      "hit@10": 0.4,
      "recall@10": 0.4,
      "ndcg@10": 0.25363889562865477,
      "mrr": 0.20770833333333333
    },
    "loc_range": {
      "hit@1": 0.043478260869565216,
      "recall@1": 0.014492753623188404,
      "ndcg@1": 0.043478260869565216,
      "hit@3": 0.17391304347826086,
      "recall@3": 0.06159420289855072,
      "ndcg@3": 0.0665530988685758,
      "hit@5": 0.21739130434782608,
      "recall@5": 0.06884057971014493,
      "ndcg@5": 0.06666296318407805,
      "hit@10": 0.43478260869565216,
      "recall@10": 0.15579710144927536,
      "ndcg@10": 0.10890946166173601,
      "mrr": 0.13200483091787438
    },
    "loc_ambig": {
      "hit@1": 0.325,
      "recall@1": 0.06994391025641025,
      "ndcg@1": 0.325,
      "hit@3": 0.375,
      "recall@3": 0.10832532051282051,
      "ndcg@3": 0.1923196815056891,
      "hit@5": 0.45,
      "recall@5": 0.14149839743589743,
      "ndcg@5": 0.18783071854253577,
      "hit@10": 0.575,
      "recall@10": 0.18045673076923077,
      "ndcg@10": 0.1931867019577898,
      "mrr": 0.383125
    }
  },
  "by_register": {
    "locator": {
      "hit@1": 0.18446601941747573,
      "recall@1": 0.07894261886980333,
      "ndcg@1": 0.18446601941747573,
      "hit@3": 0.2815533980582524,
      "recall@3": 0.15290950958426686,
      "ndcg@3": 0.16617764849436098,
      "hit@5": 0.34951456310679613,
      "recall@5": 0.19653659447348767,
      "ndcg@5": 0.177002872134658,
      "hit@10": 0.47572815533980584,
      "recall@10": 0.26020973363206373,
      "ndcg@10": 0.19784409244347292,
      "mrr": 0.2589266450916936
    }
  },
  "timing": {
    "chunk_s": 0.43,
    "index_s": 0.52,
    "query_s": 0.97,
    "q_per_s": 106.5
  }
}