{
  "config": {
    "chunker": "article",
    "retriever": "vector",
    "embedder": "kure-v1",
    "byeolpyo": "md",
    "rerank": true,
    "hype": null,
    "hyde": false
  },
  "n_chunks": 3251,
  "n_questions": 103,
  "overall": {
    "hit@1": 0.6893203883495146,
    "recall@1": 0.33017330246826926,
    "ndcg@1": 0.6893203883495146,
    "hit@3": 0.8155339805825242,
    "recall@3": 0.5655199074048077,
    "ndcg@3": 0.703371160669684,
    "hit@5": 0.8252427184466019,
    "recall@5": 0.6258665123413463,
    "ndcg@5": 0.7056825372554444,
    "hit@10": 0.8640776699029126,
    "recall@10": 0.6859441359185866,
    "ndcg@10": 0.700121250663962,
    "mrr": 0.7590730466944059
  },
  "by_type": {
    "loc_single": {
      "hit@1": 0.6,
      "recall@1": 0.6,
      "ndcg@1": 0.6,
      "hit@3": 0.8,
      "recall@3": 0.8,
      "ndcg@3": 0.7229127068750051,
      "hit@5": 0.8,
      "recall@5": 0.8,
      "ndcg@5": 0.7229127068750051,
      "hit@10": 0.8,
      "recall@10": 0.8,
      "ndcg@10": 0.7229127068750051,
      "mrr": 0.6958333333333333
    },
    "loc_range": {
      "hit@1": 0.30434782608695654,
      "recall@1": 0.06666666666666667,
      "ndcg@1": 0.30434782608695654,
      "hit@3": 0.5217391304347826,
      "recall@3": 0.16630434782608697,
      "ndcg@3": 0.250667853782114,
      "hit@5": 0.5652173913043478,
      "recall@5": 0.23152173913043478,
      "ndcg@5": 0.24783202875568872,
      "hit@10": 0.7391304347826086,
      "recall@10": 0.33442028985507244,
      "ndcg@10": 0.2896373918839027,
      "mrr": 0.4500517598343685
    },
    "loc_ambig": {
      "hit@1": 1.0,
      "recall@1": 0.21186292052245997,
      "ndcg@1": 1.0,
      "hit@3": 1.0,
      "recall@3": 0.56058876156738,
      "ndcg@3": 0.9441340159247155,
      "hit@5": 1.0,
      "recall@5": 0.6784812692789666,
      "ndcg@5": 0.9517164100232431,
      "hit@10": 1.0,
      "recall@10": 0.7740144833236938,
      "ndcg@10": 0.9133580132514529,
      "mrr": 1.0
    }
  },
  "by_register": {
    "locator": {
      "hit@1": 0.6893203883495146,
      "recall@1": 0.33017330246826926,
      "ndcg@1": 0.6893203883495146,
      "hit@3": 0.8155339805825242,
      "recall@3": 0.5655199074048077,
      "ndcg@3": 0.703371160669684,
      "hit@5": 0.8252427184466019,
      "recall@5": 0.6258665123413463,
      "ndcg@5": 0.7056825372554444,
      "hit@10": 0.8640776699029126,
      "recall@10": 0.6859441359185866,
      "ndcg@10": 0.700121250663962,
      "mrr": 0.7590730466944059
    }
  },
  "timing": {
    "chunk_s": 0.43,
    "index_s": 25.57,
    "query_s": 138.95,
    "q_per_s": 0.7
  }
}