{
  "config": {
    "chunker": "article",
    "retriever": "hybrid",
    "embedder": "kure-v1",
    "byeolpyo": "md",
    "rerank": false,
    "hyde": false
  },
  "n_chunks": 3251,
  "n_questions": 240,
  "overall": {
    "hit@1": 0.44583333333333336,
    "recall@1": 0.36875,
    "ndcg@1": 0.44583333333333336,
    "hit@3": 0.6458333333333334,
    "recall@3": 0.58125,
    "ndcg@3": 0.5201288132652173,
    "hit@5": 0.7166666666666667,
    "recall@5": 0.6583333333333333,
    "ndcg@5": 0.552362295230651,
    "hit@10": 0.8041666666666667,
    "recall@10": 0.7645833333333333,
    "ndcg@10": 0.5876293674868073,
    "mrr": 0.5616914682539683
  },
  "by_type": {
    "factoid": {
      "hit@1": 0.4,
      "recall@1": 0.4,
      "ndcg@1": 0.4,
      "hit@3": 0.55,
      "recall@3": 0.55,
      "ndcg@3": 0.49245730047619435,
      "hit@5": 0.65,
      "recall@5": 0.65,
      "ndcg@5": 0.533333768741591,
      "hit@10": 0.75,
      "recall@10": 0.75,
      "ndcg@10": 0.5645958699561561,
      "mrr": 0.506984126984127
    },
    "crossref": {
      "hit@1": 0.3333333333333333,
      "recall@1": 0.3333333333333333,
      "ndcg@1": 0.3333333333333333,
      "hit@3": 0.65,
      "recall@3": 0.65,
      "ndcg@3": 0.5222169425000067,
      "hit@5": 0.7166666666666667,
      "recall@5": 0.7166666666666667,
      "ndcg@5": 0.5494679213436046,
      "hit@10": 0.8,
      "recall@10": 0.8,
      "ndcg@10": 0.5745949161785305,
      "mrr": 0.5020833333333333
    },
    "byeolpyo": {
      "hit@1": 0.43333333333333335,
      "recall@1": 0.43333333333333335,
      "ndcg@1": 0.43333333333333335,
      "hit@3": 0.5833333333333334,
      "recall@3": 0.5833333333333334,
      "ndcg@3": 0.5192441461309548,
      "hit@5": 0.6666666666666666,
      "recall@5": 0.6666666666666666,
      "ndcg@5": 0.5514818800671666,
      "hit@10": 0.8,
      "recall@10": 0.8,
      "ndcg@10": 0.5931172839425852,
      "mrr": 0.5301984126984127
    },
    "multihop": {
      "hit@1": 0.6166666666666667,
      "recall@1": 0.30833333333333335,
      "ndcg@1": 0.6166666666666667,
      "hit@3": 0.8,
      "recall@3": 0.5416666666666666,
      "ndcg@3": 0.5465968639537135,
      "hit@5": 0.8333333333333334,
      "recall@5": 0.6,
      "ndcg@5": 0.5751656107702413,
      "hit@10": 0.8666666666666667,
      "recall@10": 0.7083333333333334,
      "ndcg@10": 0.618209399869957,
      "mrr": 0.7075
    }
  },
  "by_register": {
    "lowoverlap": {
      "hit@1": 0.44583333333333336,
      "recall@1": 0.36875,
      "ndcg@1": 0.44583333333333336,
      "hit@3": 0.6458333333333334,
      "recall@3": 0.58125,
      "ndcg@3": 0.5201288132652173,
      "hit@5": 0.7166666666666667,
      "recall@5": 0.6583333333333333,
      "ndcg@5": 0.552362295230651,
      "hit@10": 0.8041666666666667,
      "recall@10": 0.7645833333333333,
      "ndcg@10": 0.5876293674868073,
      "mrr": 0.5616914682539683
    }
  },
  "timing": {
    "chunk_s": 0.41,
    "index_s": 14.83,
    "query_s": 7.36,
    "q_per_s": 32.6
  }
}