{
  "config": {
    "chunker": "article",
    "retriever": "vector",
    "embedder": "kure-v1",
    "byeolpyo": "md",
    "rerank": false,
    "hyde": true
  },
  "n_chunks": 3251,
  "n_questions": 240,
  "overall": {
    "hit@1": 0.35,
    "recall@1": 0.28958333333333336,
    "ndcg@1": 0.35,
    "hit@3": 0.5458333333333333,
    "recall@3": 0.48541666666666666,
    "ndcg@3": 0.4226341227894082,
    "hit@5": 0.6458333333333334,
    "recall@5": 0.5916666666666667,
    "ndcg@5": 0.4690426402065998,
    "hit@10": 0.7291666666666666,
    "recall@10": 0.6791666666666667,
    "ndcg@10": 0.4988316053383779,
    "mrr": 0.4685631613756614
  },
  "by_type": {
    "factoid": {
      "hit@1": 0.38333333333333336,
      "recall@1": 0.38333333333333336,
      "ndcg@1": 0.38333333333333336,
      "hit@3": 0.6,
      "recall@3": 0.6,
      "ndcg@3": 0.509123967142861,
      "hit@5": 0.7666666666666667,
      "recall@5": 0.7666666666666667,
      "ndcg@5": 0.5779818100991697,
      "hit@10": 0.8333333333333334,
      "recall@10": 0.8333333333333334,
      "ndcg@10": 0.5992106776861983,
      "mrr": 0.5246759259259259
    },
    "crossref": {
      "hit@1": 0.31666666666666665,
      "recall@1": 0.31666666666666665,
      "ndcg@1": 0.31666666666666665,
      "hit@3": 0.5,
      "recall@3": 0.5,
      "ndcg@3": 0.4192441461309548,
      "hit@5": 0.5833333333333334,
      "recall@5": 0.5833333333333334,
      "ndcg@5": 0.45513385930373756,
      "hit@10": 0.6833333333333333,
      "recall@10": 0.6833333333333333,
      "ndcg@10": 0.48691784095876306,
      "mrr": 0.4253240740740741
    },
    "byeolpyo": {
      "hit@1": 0.21666666666666667,
      "recall@1": 0.21666666666666667,
      "ndcg@1": 0.21666666666666667,
      "hit@3": 0.4,
      "recall@3": 0.4,
      "ndcg@3": 0.3257906338095277,
      "hit@5": 0.5,
      "recall@5": 0.5,
      "ndcg@5": 0.36885828961686695,
      "hit@10": 0.5833333333333334,
      "recall@10": 0.5833333333333334,
      "ndcg@10": 0.3956838746223787,
      "mrr": 0.33599206349206345
    },
    "multihop": {
      "hit@1": 0.48333333333333334,
      "recall@1": 0.24166666666666667,
      "ndcg@1": 0.48333333333333334,
      "hit@3": 0.6833333333333333,
      "recall@3": 0.44166666666666665,
      "ndcg@3": 0.43637774407428925,
      "hit@5": 0.7333333333333333,
      "recall@5": 0.5166666666666667,
      "ndcg@5": 0.47419660180662493,
      "hit@10": 0.8166666666666667,
      "recall@10": 0.6166666666666667,
      "ndcg@10": 0.5135140280861717,
      "mrr": 0.588260582010582
    }
  },
  "by_register": {
    "lowoverlap": {
      "hit@1": 0.35,
      "recall@1": 0.28958333333333336,
      "ndcg@1": 0.35,
      "hit@3": 0.5458333333333333,
      "recall@3": 0.48541666666666666,
      "ndcg@3": 0.4226341227894082,
      "hit@5": 0.6458333333333334,
      "recall@5": 0.5916666666666667,
      "ndcg@5": 0.4690426402065998,
      "hit@10": 0.7291666666666666,
      "recall@10": 0.6791666666666667,
      "ndcg@10": 0.4988316053383779,
      "mrr": 0.4685631613756614
    }
  },
  "timing": {
    "chunk_s": 0.39,
    "index_s": 14.4,
    "query_s": 3.5,
    "q_per_s": 68.6
  }
}