{
  "config": {
    "chunker": "article",
    "retriever": "bm25",
    "embedder": "kure-v1",
    "byeolpyo": "md",
    "rerank": false
  },
  "n_chunks": 3251,
  "n_questions": 240,
  "overall": {
    "hit@1": 0.5208333333333334,
    "recall@1": 0.44375,
    "ndcg@1": 0.5208333333333334,
    "hit@3": 0.6875,
    "recall@3": 0.6354166666666666,
    "ndcg@3": 0.5828779778916651,
    "hit@5": 0.775,
    "recall@5": 0.7208333333333333,
    "ndcg@5": 0.6211257940605357,
    "hit@10": 0.8083333333333333,
    "recall@10": 0.7625,
    "ndcg@10": 0.6366067971210838,
    "mrr": 0.6215310846560846
  },
  "by_type": {
    "factoid": {
      "hit@1": 0.7666666666666667,
      "recall@1": 0.7666666666666667,
      "ndcg@1": 0.7666666666666667,
      "hit@3": 0.9,
      "recall@3": 0.9,
      "ndcg@3": 0.8486084712500034,
      "hit@5": 0.9666666666666667,
      "recall@5": 0.9666666666666667,
      "ndcg@5": 0.8765898459409154,
      "hit@10": 1.0,
      "recall@10": 1.0,
      "ndcg@10": 0.8880821879482713,
      "mrr": 0.851547619047619
    },
    "crossref": {
      "hit@1": 0.18333333333333332,
      "recall@1": 0.18333333333333332,
      "ndcg@1": 0.18333333333333332,
      "hit@3": 0.3333333333333333,
      "recall@3": 0.3333333333333333,
      "ndcg@3": 0.2736084712500034,
      "hit@5": 0.35,
      "recall@5": 0.35,
      "ndcg@5": 0.2807864138845599,
      "hit@10": 0.35,
      "recall@10": 0.35,
      "ndcg@10": 0.2807864138845599,
      "mrr": 0.2569444444444444
    },
    "byeolpyo": {
      "hit@1": 0.5166666666666667,
      "recall@1": 0.5166666666666667,
      "ndcg@1": 0.5166666666666667,
      "hit@3": 0.75,
      "recall@3": 0.75,
      "ndcg@3": 0.6551549589285763,
      "hit@5": 0.8833333333333333,
      "recall@5": 0.8833333333333333,
      "ndcg@5": 0.7096569166157719,
      "hit@10": 0.9333333333333333,
      "recall@10": 0.9333333333333333,
      "ndcg@10": 0.7261664252175275,
      "mrr": 0.6592328042328043
    },
    "multihop": {
      "hit@1": 0.6166666666666667,
      "recall@1": 0.30833333333333335,
      "ndcg@1": 0.6166666666666667,
      "hit@3": 0.7666666666666667,
      "recall@3": 0.5583333333333333,
      "ndcg@3": 0.5541400101380775,
      "hit@5": 0.9,
      "recall@5": 0.6833333333333333,
      "ndcg@5": 0.6174699998008957,
      "hit@10": 0.95,
      "recall@10": 0.7666666666666667,
      "ndcg@10": 0.6513921614339765,
      "mrr": 0.7183994708994709
    }
  },
  "by_register": {
    "formal": {
      "hit@1": 0.4857142857142857,
      "recall@1": 0.3976190476190476,
      "ndcg@1": 0.4857142857142857,
      "hit@3": 0.6571428571428571,
      "recall@3": 0.5976190476190476,
      "ndcg@3": 0.5452282163489774,
      "hit@5": 0.7428571428571429,
      "recall@5": 0.680952380952381,
      "ndcg@5": 0.5829961685258709,
      "hit@10": 0.780952380952381,
      "recall@10": 0.7285714285714285,
      "ndcg@10": 0.6006887434522115,
      "mrr": 0.5887339380196522
    },
    "colloquial": {
      "hit@1": 0.7666666666666667,
      "recall@1": 0.7666666666666667,
      "ndcg@1": 0.7666666666666667,
      "hit@3": 0.9,
      "recall@3": 0.9,
      "ndcg@3": 0.8464263086904791,
      "hit@5": 1.0,
      "recall@5": 1.0,
      "ndcg@5": 0.88803317280319,
      "hit@10": 1.0,
      "recall@10": 1.0,
      "ndcg@10": 0.88803317280319,
      "mrr": 0.8511111111111112
    }
  },
  "timing": {
    "chunk_s": 0.43,
    "index_s": 25.28,
    "query_s": 3.26,
    "q_per_s": 73.5
  }
}