{
  "config": {
    "chunker": "article",
    "retriever": "bm25",
    "embedder": "kure-v1",
    "byeolpyo": "plain",
    "rerank": false
  },
  "n_chunks": 3251,
  "n_questions": 240,
  "overall": {
    "hit@1": 0.6,
    "recall@1": 0.5083333333333333,
    "ndcg@1": 0.6,
    "hit@3": 0.7916666666666666,
    "recall@3": 0.7229166666666667,
    "ndcg@3": 0.6638921987408339,
    "hit@5": 0.875,
    "recall@5": 0.8229166666666666,
    "ndcg@5": 0.7061277539225341,
    "hit@10": 0.9625,
    "recall@10": 0.9270833333333334,
    "ndcg@10": 0.7424896768413644,
    "mrr": 0.7143964947089947
  },
  "by_type": {
    "factoid": {
      "hit@1": 0.7,
      "recall@1": 0.7,
      "ndcg@1": 0.7,
      "hit@3": 0.8,
      "recall@3": 0.8,
      "ndcg@3": 0.7587286502380972,
      "hit@5": 0.9,
      "recall@5": 0.9,
      "ndcg@5": 0.7988747226561798,
      "hit@10": 0.9166666666666666,
      "recall@10": 0.9166666666666666,
      "ndcg@10": 0.80481150910798,
      "mrr": 0.7688888888888888
    },
    "crossref": {
      "hit@1": 0.2833333333333333,
      "recall@1": 0.2833333333333333,
      "ndcg@1": 0.2833333333333333,
      "hit@3": 0.5666666666666667,
      "recall@3": 0.5666666666666667,
      "ndcg@3": 0.44245730047619436,
      "hit@5": 0.7666666666666667,
      "recall@5": 0.7666666666666667,
      "ndcg@5": 0.524940632854302,
      "hit@10": 1.0,
      "recall@10": 1.0,
      "ndcg@10": 0.5998191267645656,
      "mrr": 0.4764285714285714
    },
    "byeolpyo": {
      "hit@1": 0.6833333333333333,
      "recall@1": 0.6833333333333333,
      "ndcg@1": 0.6833333333333333,
      "hit@3": 0.8666666666666667,
      "recall@3": 0.8666666666666667,
      "ndcg@3": 0.7924573004761943,
      "hit@5": 0.9,
      "recall@5": 0.9,
      "ndcg@5": 0.805352394050679,
      "hit@10": 0.95,
      "recall@10": 0.95,
      "ndcg@10": 0.821564095043308,
      "mrr": 0.7800462962962963
    },
    "multihop": {
      "hit@1": 0.7333333333333333,
      "recall@1": 0.36666666666666664,
      "ndcg@1": 0.7333333333333333,
      "hit@3": 0.9333333333333333,
      "recall@3": 0.6583333333333333,
      "ndcg@3": 0.6619255437728501,
      "hit@5": 0.9333333333333333,
      "recall@5": 0.725,
      "ndcg@5": 0.6953432661289758,
      "hit@10": 0.9833333333333333,
      "recall@10": 0.8416666666666667,
      "ndcg@10": 0.7437639764496037,
      "mrr": 0.8322222222222222
    }
  },
  "by_register": {
    "formal": {
      "hit@1": 0.6047619047619047,
      "recall@1": 0.5,
      "ndcg@1": 0.6047619047619047,
      "hit@3": 0.8047619047619048,
      "recall@3": 0.7261904761904762,
      "ndcg@3": 0.6670108009078917,
      "hit@5": 0.8809523809523809,
      "recall@5": 0.8214285714285714,
      "ndcg@5": 0.707702697402325,
      "hit@10": 0.9809523809523809,
      "recall@10": 0.9404761904761905,
      "ndcg@10": 0.749259180738131,
      "mrr": 0.7235166288737717
    },
    "colloquial": {
      "hit@1": 0.5666666666666667,
      "recall@1": 0.5666666666666667,
      "ndcg@1": 0.5666666666666667,
      "hit@3": 0.7,
      "recall@3": 0.7,
      "ndcg@3": 0.6420619835714305,
      "hit@5": 0.8333333333333334,
      "recall@5": 0.8333333333333334,
      "ndcg@5": 0.6951031495639978,
      "hit@10": 0.8333333333333334,
      "recall@10": 0.8333333333333334,
      "ndcg@10": 0.6951031495639978,
      "mrr": 0.6505555555555556
    }
  },
  "timing": {
    "chunk_s": 0.35,
    "index_s": 0.46,
    "query_s": 3.58,
    "q_per_s": 67.0
  }
}