{
  "config": {
    "chunker": "article",
    "retriever": "hybrid",
    "embedder": "kure-v1",
    "byeolpyo": "md",
    "rerank": true,
    "hype": null,
    "hyde": false
  },
  "n_chunks": 3251,
  "n_questions": 103,
  "overall": {
    "hit@1": 0.6990291262135923,
    "recall@1": 0.33907297884367377,
    "ndcg@1": 0.6990291262135923,
    "hit@3": 0.8543689320388349,
    "recall@3": 0.5943456124441051,
    "ndcg@3": 0.7238396377304286,
    "hit@5": 0.8932038834951457,
    "recall@5": 0.6598759899187849,
    "ndcg@5": 0.7264826244766743,
    "hit@10": 0.9223300970873787,
    "recall@10": 0.6968691800449592,
    "ndcg@10": 0.7027877878311383,
    "mrr": 0.7857990445369086
  },
  "by_type": {
    "loc_single": {
      "hit@1": 0.625,
      "recall@1": 0.625,
      "ndcg@1": 0.625,
      "hit@3": 0.85,
      "recall@3": 0.85,
      "ndcg@3": 0.7669591945535779,
      "hit@5": 0.85,
      "recall@5": 0.85,
      "ndcg@5": 0.7669591945535779,
      "hit@10": 0.875,
      "recall@10": 0.875,
      "ndcg@10": 0.7758643742312785,
      "mrr": 0.7416666666666667
    },
    "loc_range": {
      "hit@1": 0.34782608695652173,
      "recall@1": 0.07753623188405796,
      "ndcg@1": 0.34782608695652173,
      "hit@3": 0.6521739130434783,
      "recall@3": 0.20978260869565218,
      "ndcg@3": 0.30167641095850056,
      "hit@5": 0.782608695652174,
      "recall@5": 0.31123188405797103,
      "ndcg@5": 0.3123407571834761,
      "hit@10": 0.8695652173913043,
      "recall@10": 0.3394927536231884,
      "ndcg@10": 0.3168833371442957,
      "mrr": 0.5248102139406488
    },
    "loc_ambig": {
      "hit@1": 0.975,
      "recall@1": 0.20352958718912664,
      "ndcg@1": 0.975,
      "hit@3": 0.975,
      "recall@3": 0.5598149520435705,
      "ndcg@3": 0.9234639363011379,
      "hit@5": 1.0,
      "recall@5": 0.6702223407075381,
      "ndcg@5": 0.9241376280933595,
      "hit@10": 1.0,
      "recall@10": 0.7242298052824369,
      "ndcg@10": 0.8516062605759325,
      "mrr": 0.9800000000000001
    }
  },
  "by_register": {
    "locator": {
      "hit@1": 0.6990291262135923,
      "recall@1": 0.33907297884367377,
      "ndcg@1": 0.6990291262135923,
      "hit@3": 0.8543689320388349,
      "recall@3": 0.5943456124441051,
      "ndcg@3": 0.7238396377304286,
      "hit@5": 0.8932038834951457,
      "recall@5": 0.6598759899187849,
      "ndcg@5": 0.7264826244766743,
      "hit@10": 0.9223300970873787,
      "recall@10": 0.6968691800449592,
      "ndcg@10": 0.7027877878311383,
      "mrr": 0.7857990445369086
    }
  },
  "timing": {
    "chunk_s": 0.43,
    "index_s": 25.58,
    "query_s": 96.3,
    "q_per_s": 1.1
  }
}