{
  "config": {
    "chunker": "article",
    "retriever": "vector",
    "embedder": "kure-v1",
    "byeolpyo": "md",
    "rerank": true,
    "hype": null,
    "hyde": true
  },
  "n_chunks": 3251,
  "n_questions": 240,
  "overall": {
    "hit@1": 0.6375,
    "recall@1": 0.54375,
    "ndcg@1": 0.6375,
    "hit@3": 0.7916666666666666,
    "recall@3": 0.7229166666666667,
    "ndcg@3": 0.6822448461076696,
    "hit@5": 0.8125,
    "recall@5": 0.7583333333333333,
    "ndcg@5": 0.6981475443420527,
    "hit@10": 0.8333333333333334,
    "recall@10": 0.8,
    "ndcg@10": 0.7138785916352681,
    "mrr": 0.7165790343915344
  },
  "by_type": {
    "factoid": {
      "hit@1": 0.7833333333333333,
      "recall@1": 0.7833333333333333,
      "ndcg@1": 0.7833333333333333,
      "hit@3": 0.9166666666666666,
      "recall@3": 0.9166666666666666,
      "ndcg@3": 0.8609108127976215,
      "hit@5": 0.9666666666666667,
      "recall@5": 0.9666666666666667,
      "ndcg@5": 0.881714244853977,
      "hit@10": 0.9666666666666667,
      "recall@10": 0.9666666666666667,
      "ndcg@10": 0.881714244853977,
      "mrr": 0.8533333333333334
    },
    "crossref": {
      "hit@1": 0.38333333333333336,
      "recall@1": 0.38333333333333336,
      "ndcg@1": 0.38333333333333336,
      "hit@3": 0.48333333333333334,
      "recall@3": 0.48333333333333334,
      "ndcg@3": 0.4420619835714305,
      "hit@5": 0.5,
      "recall@5": 0.5,
      "ndcg@5": 0.44850953035867286,
      "hit@10": 0.5166666666666667,
      "recall@10": 0.5166666666666667,
      "ndcg@10": 0.45406508591422845,
      "mrr": 0.4334920634920635
    },
    "byeolpyo": {
      "hit@1": 0.6333333333333333,
      "recall@1": 0.6333333333333333,
      "ndcg@1": 0.6333333333333333,
      "hit@3": 0.85,
      "recall@3": 0.85,
      "ndcg@3": 0.7678526173809582,
      "hit@5": 0.8666666666666667,
      "recall@5": 0.8666666666666667,
      "ndcg@5": 0.7743001641682006,
      "hit@10": 0.9166666666666666,
      "recall@10": 0.9166666666666666,
      "ndcg@10": 0.79143148501823,
      "mrr": 0.7498611111111111
    },
    "multihop": {
      "hit@1": 0.75,
      "recall@1": 0.375,
      "ndcg@1": 0.75,
      "hit@3": 0.9166666666666666,
      "recall@3": 0.6416666666666667,
      "ndcg@3": 0.658153970680668,
      "hit@5": 0.9166666666666666,
      "recall@5": 0.7,
      "ndcg@5": 0.6880662379873606,
      "hit@10": 0.9333333333333333,
      "recall@10": 0.8,
      "ndcg@10": 0.7283035507546372,
      "mrr": 0.8296296296296296
    }
  },
  "by_register": {
    "formal": {
      "hit@1": 0.6285714285714286,
      "recall@1": 0.5214285714285715,
      "ndcg@1": 0.6285714285714286,
      "hit@3": 0.780952380952381,
      "recall@3": 0.7023809523809523,
      "ndcg@3": 0.6659332085958396,
      "hit@5": 0.7952380952380952,
      "recall@5": 0.7333333333333333,
      "ndcg@5": 0.6802147238860492,
      "hit@10": 0.819047619047619,
      "recall@10": 0.780952380952381,
      "ndcg@10": 0.6981930636497241,
      "mrr": 0.7064871504157217
    },
    "colloquial": {
      "hit@1": 0.7,
      "recall@1": 0.7,
      "ndcg@1": 0.7,
      "hit@3": 0.8666666666666667,
      "recall@3": 0.8666666666666667,
      "ndcg@3": 0.7964263086904791,
      "hit@5": 0.9333333333333333,
      "recall@5": 0.9333333333333333,
      "ndcg@5": 0.8236772875340769,
      "hit@10": 0.9333333333333333,
      "recall@10": 0.9333333333333333,
      "ndcg@10": 0.8236772875340769,
      "mrr": 0.7872222222222223
    }
  },
  "timing": {
    "chunk_s": 0.57,
    "index_s": 30.49,
    "query_s": 243.95,
    "q_per_s": 1.0
  }
}