{
  "config": {
    "chunker": "article",
    "retriever": "vector",
    "embedder": "bge-m3",
    "byeolpyo": "md",
    "rerank": false,
    "hyde": false
  },
  "n_chunks": 3251,
  "n_questions": 240,
  "overall": {
    "hit@1": 0.43333333333333335,
    "recall@1": 0.3645833333333333,
    "ndcg@1": 0.43333333333333335,
    "hit@3": 0.6583333333333333,
    "recall@3": 0.5958333333333333,
    "ndcg@3": 0.5217900587425537,
    "hit@5": 0.7666666666666667,
    "recall@5": 0.70625,
    "ndcg@5": 0.5698509099483077,
    "hit@10": 0.8291666666666667,
    "recall@10": 0.7729166666666667,
    "ndcg@10": 0.5941482292738282,
    "mrr": 0.5662698412698413
  },
  "by_type": {
    "factoid": {
      "hit@1": 0.45,
      "recall@1": 0.45,
      "ndcg@1": 0.45,
      "hit@3": 0.7,
      "recall@3": 0.7,
      "ndcg@3": 0.5902751379166701,
      "hit@5": 0.85,
      "recall@5": 0.85,
      "ndcg@5": 0.6519550382384222,
      "hit@10": 0.8833333333333333,
      "recall@10": 0.8833333333333333,
      "ndcg@10": 0.6629089912846223,
      "mrr": 0.5915740740740741
    },
    "crossref": {
      "hit@1": 0.36666666666666664,
      "recall@1": 0.36666666666666664,
      "ndcg@1": 0.36666666666666664,
      "hit@3": 0.6166666666666667,
      "recall@3": 0.6166666666666667,
      "ndcg@3": 0.5113061297023853,
      "hit@5": 0.6833333333333333,
      "recall@5": 0.6833333333333333,
      "ndcg@5": 0.5392875043932973,
      "hit@10": 0.75,
      "recall@10": 0.75,
      "ndcg@10": 0.5612119190063928,
      "mrr": 0.5000595238095238
    },
    "byeolpyo": {
      "hit@1": 0.36666666666666664,
      "recall@1": 0.36666666666666664,
      "ndcg@1": 0.36666666666666664,
      "hit@3": 0.5666666666666667,
      "recall@3": 0.5666666666666667,
      "ndcg@3": 0.4863061297023853,
      "hit@5": 0.6833333333333333,
      "recall@5": 0.6833333333333333,
      "ndcg@5": 0.5343605406023386,
      "hit@10": 0.7166666666666667,
      "recall@10": 0.7166666666666667,
      "ndcg@10": 0.5451738441043229,
      "mrr": 0.48946428571428574
    },
    "multihop": {
      "hit@1": 0.55,
      "recall@1": 0.275,
      "ndcg@1": 0.55,
      "hit@3": 0.75,
      "recall@3": 0.5,
      "ndcg@3": 0.49927283764877395,
      "hit@5": 0.85,
      "recall@5": 0.6083333333333333,
      "ndcg@5": 0.5538005565591726,
      "hit@10": 0.9666666666666667,
      "recall@10": 0.7416666666666667,
      "ndcg@10": 0.6072981626999745,
      "mrr": 0.6839814814814815
    }
  },
  "by_register": {
    "lowoverlap": {
      "hit@1": 0.43333333333333335,
      "recall@1": 0.3645833333333333,
      "ndcg@1": 0.43333333333333335,
      "hit@3": 0.6583333333333333,
      "recall@3": 0.5958333333333333,
      "ndcg@3": 0.5217900587425537,
      "hit@5": 0.7666666666666667,
      "recall@5": 0.70625,
      "ndcg@5": 0.5698509099483077,
      "hit@10": 0.8291666666666667,
      "recall@10": 0.7729166666666667,
      "ndcg@10": 0.5941482292738282,
      "mrr": 0.5662698412698413
    }
  },
  "timing": {
    "chunk_s": 0.51,
    "index_s": 15.41,
    "query_s": 5.84,
    "q_per_s": 41.1
  }
}