{
  "config": {
    "chunker": "article",
    "retriever": "hybrid",
    "embedder": "kure-v1",
    "byeolpyo": "md",
    "rerank": true,
    "hype": null,
    "hyde": false,
    "reranker_model": "Dongjin-kr/ko-reranker"
  },
  "n_chunks": 3251,
  "n_questions": 240,
  "overall": {
    "hit@1": 0.5583333333333333,
    "recall@1": 0.46041666666666664,
    "ndcg@1": 0.5583333333333333,
    "hit@3": 0.7625,
    "recall@3": 0.7104166666666667,
    "ndcg@3": 0.6383221462083993,
    "hit@5": 0.825,
    "recall@5": 0.76875,
    "ndcg@5": 0.6637084385746795,
    "hit@10": 0.8791666666666667,
    "recall@10": 0.84375,
    "ndcg@10": 0.6905262714236643,
    "mrr": 0.6719295634920636
  },
  "by_type": {
    "factoid": {
      "hit@1": 0.6166666666666667,
      "recall@1": 0.6166666666666667,
      "ndcg@1": 0.6166666666666667,
      "hit@3": 0.85,
      "recall@3": 0.85,
      "ndcg@3": 0.7573371214881006,
      "hit@5": 0.8833333333333333,
      "recall@5": 0.8833333333333333,
      "ndcg@5": 0.7702322150625852,
      "hit@10": 0.9,
      "recall@10": 0.9,
      "ndcg@10": 0.7757877706181409,
      "mrr": 0.7340476190476191
    },
    "crossref": {
      "hit@1": 0.4666666666666667,
      "recall@1": 0.4666666666666667,
      "ndcg@1": 0.4666666666666667,
      "hit@3": 0.7166666666666667,
      "recall@3": 0.7166666666666667,
      "ndcg@3": 0.6178526173809582,
      "hit@5": 0.7833333333333333,
      "recall@5": 0.7833333333333333,
      "ndcg@5": 0.6458339920718702,
      "hit@10": 0.8666666666666667,
      "recall@10": 0.8666666666666667,
      "ndcg@10": 0.6742170735772265,
      "mrr": 0.6117328042328043
    },
    "byeolpyo": {
      "hit@1": 0.36666666666666664,
      "recall@1": 0.36666666666666664,
      "ndcg@1": 0.36666666666666664,
      "hit@3": 0.65,
      "recall@3": 0.65,
      "ndcg@3": 0.5279727963690519,
      "hit@5": 0.7166666666666667,
      "recall@5": 0.7166666666666667,
      "ndcg@5": 0.5552237752126498,
      "hit@10": 0.7833333333333333,
      "recall@10": 0.7833333333333333,
      "ndcg@10": 0.5767504504088051,
      "mrr": 0.509973544973545
    },
    "multihop": {
      "hit@1": 0.7833333333333333,
      "recall@1": 0.39166666666666666,
      "ndcg@1": 0.7833333333333333,
      "hit@3": 0.8333333333333334,
      "recall@3": 0.625,
      "ndcg@3": 0.6501260495954868,
      "hit@5": 0.9166666666666666,
      "recall@5": 0.6916666666666667,
      "ndcg@5": 0.6835437719516126,
      "hit@10": 0.9666666666666667,
      "recall@10": 0.825,
      "ndcg@10": 0.7353497910904847,
      "mrr": 0.8319642857142857
    }
  },
  "by_register": {
    "lowoverlap": {
      "hit@1": 0.5583333333333333,
      "recall@1": 0.46041666666666664,
      "ndcg@1": 0.5583333333333333,
      "hit@3": 0.7625,
      "recall@3": 0.7104166666666667,
      "ndcg@3": 0.6383221462083993,
      "hit@5": 0.825,
      "recall@5": 0.76875,
      "ndcg@5": 0.6637084385746795,
      "hit@10": 0.8791666666666667,
      "recall@10": 0.84375,
      "ndcg@10": 0.6905262714236643,
      "mrr": 0.6719295634920636
    }
  },
  "timing": {
    "chunk_s": 0.38,
    "index_s": 37.69,
    "query_s": 43.8,
    "q_per_s": 5.5
  }
}