{
  "config": {
    "chunker": "article",
    "retriever": "hybrid",
    "embedder": "kure-v1",
    "byeolpyo": "md",
    "rerank": true
  },
  "n_chunks": 3251,
  "n_questions": 240,
  "overall": {
    "hit@1": 0.6708333333333333,
    "recall@1": 0.5770833333333333,
    "ndcg@1": 0.6708333333333333,
    "hit@3": 0.8583333333333333,
    "recall@3": 0.7916666666666666,
    "ndcg@3": 0.7358907073572877,
    "hit@5": 0.9166666666666666,
    "recall@5": 0.8604166666666667,
    "ndcg@5": 0.7659662548848986,
    "hit@10": 0.9666666666666667,
    "recall@10": 0.9375,
    "ndcg@10": 0.7930262427163325,
    "mrr": 0.7754563492063492
  },
  "by_type": {
    "factoid": {
      "hit@1": 0.8166666666666667,
      "recall@1": 0.8166666666666667,
      "ndcg@1": 0.8166666666666667,
      "hit@3": 0.95,
      "recall@3": 0.95,
      "ndcg@3": 0.8942441461309548,
      "hit@5": 1.0,
      "recall@5": 1.0,
      "ndcg@5": 0.9150475781873103,
      "hit@10": 1.0,
      "recall@10": 1.0,
      "ndcg@10": 0.9150475781873103,
      "mrr": 0.8866666666666667
    },
    "crossref": {
      "hit@1": 0.43333333333333335,
      "recall@1": 0.43333333333333335,
      "ndcg@1": 0.43333333333333335,
      "hit@3": 0.6166666666666667,
      "recall@3": 0.6166666666666667,
      "ndcg@3": 0.5359108127976214,
      "hit@5": 0.7333333333333333,
      "recall@5": 0.7333333333333333,
      "ndcg@5": 0.5839652236975748,
      "hit@10": 0.8833333333333333,
      "recall@10": 0.8833333333333333,
      "ndcg@10": 0.6311000564327143,
      "mrr": 0.5536309523809524
    },
    "byeolpyo": {
      "hit@1": 0.6833333333333333,
      "recall@1": 0.6833333333333333,
      "ndcg@1": 0.6833333333333333,
      "hit@3": 0.9166666666666666,
      "recall@3": 0.9166666666666666,
      "ndcg@3": 0.8283681132738159,
      "hit@5": 0.95,
      "recall@5": 0.95,
      "ndcg@5": 0.8419936026956147,
      "hit@10": 1.0,
      "recall@10": 1.0,
      "ndcg@10": 0.8591249235456443,
      "mrr": 0.8123611111111111
    },
    "multihop": {
      "hit@1": 0.75,
      "recall@1": 0.375,
      "ndcg@1": 0.75,
      "hit@3": 0.95,
      "recall@3": 0.6833333333333333,
      "ndcg@3": 0.685039757226759,
      "hit@5": 0.9833333333333333,
      "recall@5": 0.7583333333333333,
      "ndcg@5": 0.7228586149590946,
      "hit@10": 0.9833333333333333,
      "recall@10": 0.8666666666666667,
      "ndcg@10": 0.7668324126996615,
      "mrr": 0.8491666666666667
    }
  },
  "by_register": {
    "formal": {
      "hit@1": 0.6571428571428571,
      "recall@1": 0.55,
      "ndcg@1": 0.6571428571428571,
      "hit@3": 0.8476190476190476,
      "recall@3": 0.7714285714285715,
      "ndcg@3": 0.7177189547858795,
      "hit@5": 0.9047619047619048,
      "recall@5": 0.8404761904761905,
      "ndcg@5": 0.7481980121254922,
      "hit@10": 0.9619047619047619,
      "recall@10": 0.9285714285714286,
      "ndcg@10": 0.7791237125042738,
      "mrr": 0.764251700680272
    },
    "colloquial": {
      "hit@1": 0.7666666666666667,
      "recall@1": 0.7666666666666667,
      "ndcg@1": 0.7666666666666667,
      "hit@3": 0.9333333333333333,
      "recall@3": 0.9333333333333333,
      "ndcg@3": 0.8630929753571458,
      "hit@5": 1.0,
      "recall@5": 1.0,
      "ndcg@5": 0.8903439542007435,
      "hit@10": 1.0,
      "recall@10": 1.0,
      "ndcg@10": 0.8903439542007435,
      "mrr": 0.8538888888888889
    }
  },
  "timing": {
    "chunk_s": 0.42,
    "index_s": 32.73,
    "query_s": 253.34,
    "q_per_s": 0.9
  }
}