{
  "config": {
    "chunker": "fixed",
    "retriever": "vector",
    "embedder": "kure-v1",
    "byeolpyo": "md"
  },
  "n_chunks": 4723,
  "n_questions": 240,
  "overall": {
    "hit@1": 0.5208333333333334,
    "recall@1": 0.44583333333333336,
    "ndcg@1": 0.5208333333333334,
    "hit@3": 0.6958333333333333,
    "recall@3": 0.6291666666666667,
    "ndcg@3": 0.5791445254979324,
    "hit@5": 0.75,
    "recall@5": 0.6958333333333333,
    "ndcg@5": 0.6079780743254709,
    "hit@10": 0.8125,
    "recall@10": 0.76875,
    "ndcg@10": 0.6337617550187455,
    "mrr": 0.6189500661375662
  },
  "by_type": {
    "factoid": {
      "hit@1": 0.7333333333333333,
      "recall@1": 0.7333333333333333,
      "ndcg@1": 0.7333333333333333,
      "hit@3": 0.85,
      "recall@3": 0.85,
      "ndcg@3": 0.8003953169047638,
      "hit@5": 0.9,
      "recall@5": 0.9,
      "ndcg@5": 0.8211987489611193,
      "hit@10": 0.9333333333333333,
      "recall@10": 0.9333333333333333,
      "ndcg@10": 0.8323932833593485,
      "mrr": 0.7998611111111111
    },
    "crossref": {
      "hit@1": 0.25,
      "recall@1": 0.25,
      "ndcg@1": 0.25,
      "hit@3": 0.35,
      "recall@3": 0.35,
      "ndcg@3": 0.3087286502380972,
      "hit@5": 0.4166666666666667,
      "recall@5": 0.4166666666666667,
      "ndcg@5": 0.3352492332343808,
      "hit@10": 0.48333333333333334,
      "recall@10": 0.48333333333333334,
      "ndcg@10": 0.35633745127719363,
      "mrr": 0.317010582010582
    },
    "byeolpyo": {
      "hit@1": 0.5,
      "recall@1": 0.5,
      "ndcg@1": 0.5,
      "hit@3": 0.7666666666666667,
      "recall@3": 0.7666666666666667,
      "ndcg@3": 0.6595192840476248,
      "hit@5": 0.8333333333333334,
      "recall@5": 0.8333333333333334,
      "ndcg@5": 0.6853094711965944,
      "hit@10": 0.9166666666666666,
      "recall@10": 0.9166666666666666,
      "ndcg@10": 0.7132540955486082,
      "mrr": 0.6476587301587301
    },
    "multihop": {
      "hit@1": 0.6,
      "recall@1": 0.3,
      "ndcg@1": 0.6,
      "hit@3": 0.8166666666666667,
      "recall@3": 0.55,
      "ndcg@3": 0.5479348508012438,
      "hit@5": 0.85,
      "recall@5": 0.6333333333333333,
      "ndcg@5": 0.5901548439097893,
      "hit@10": 0.9166666666666666,
      "recall@10": 0.7416666666666667,
      "ndcg@10": 0.6330621898898315,
      "mrr": 0.7112698412698413
    }
  },
  "by_register": {
    "formal": {
      "hit@1": 0.49523809523809526,
      "recall@1": 0.4095238095238095,
      "ndcg@1": 0.49523809523809526,
      "hit@3": 0.6857142857142857,
      "recall@3": 0.6095238095238096,
      "ndcg@3": 0.5564940779330111,
      "hit@5": 0.7333333333333333,
      "recall@5": 0.6714285714285714,
      "ndcg@5": 0.5835028674340963,
      "hit@10": 0.8,
      "recall@10": 0.75,
      "ndcg@10": 0.6114677173845733,
      "mrr": 0.5994746787603931
    },
    "colloquial": {
      "hit@1": 0.7,
      "recall@1": 0.7,
      "ndcg@1": 0.7,
      "hit@3": 0.7666666666666667,
      "recall@3": 0.7666666666666667,
      "ndcg@3": 0.7376976584523819,
      "hit@5": 0.8666666666666667,
      "recall@5": 0.8666666666666667,
      "ndcg@5": 0.7793045225650929,
      "hit@10": 0.9,
      "recall@10": 0.9,
      "ndcg@10": 0.7898200184579505,
      "mrr": 0.7552777777777778
    }
  },
  "timing": {
    "chunk_s": 0.46,
    "index_s": 13.1,
    "query_s": 4.21,
    "q_per_s": 57.1
  }
}