{
  "config": {
    "chunker": "fixed",
    "retriever": "vector",
    "embedder": "kure-v1",
    "byeolpyo": "md",
    "rerank": false,
    "hyde": false
  },
  "n_chunks": 4723,
  "n_questions": 240,
  "overall": {
    "hit@1": 0.44583333333333336,
    "recall@1": 0.36666666666666664,
    "ndcg@1": 0.44583333333333336,
    "hit@3": 0.6125,
    "recall@3": 0.5479166666666667,
    "ndcg@3": 0.49711557643103943,
    "hit@5": 0.7208333333333333,
    "recall@5": 0.6645833333333333,
    "ndcg@5": 0.5484777161830078,
    "hit@10": 0.825,
    "recall@10": 0.7791666666666667,
    "ndcg@10": 0.5874244022472334,
    "mrr": 0.5604877645502646
  },
  "by_type": {
    "factoid": {
      "hit@1": 0.38333333333333336,
      "recall@1": 0.38333333333333336,
      "ndcg@1": 0.38333333333333336,
      "hit@3": 0.6166666666666667,
      "recall@3": 0.6166666666666667,
      "ndcg@3": 0.5240037881547672,
      "hit@5": 0.7,
      "recall@5": 0.7,
      "ndcg@5": 0.5591631054802358,
      "hit@10": 0.8666666666666667,
      "recall@10": 0.8666666666666667,
      "ndcg@10": 0.6127143436834458,
      "mrr": 0.5335846560846561
    },
    "crossref": {
      "hit@1": 0.36666666666666664,
      "recall@1": 0.36666666666666664,
      "ndcg@1": 0.36666666666666664,
      "hit@3": 0.5166666666666667,
      "recall@3": 0.5166666666666667,
      "ndcg@3": 0.4569418045833367,
      "hit@5": 0.65,
      "recall@5": 0.65,
      "ndcg@5": 0.5107133664232182,
      "hit@10": 0.7666666666666667,
      "recall@10": 0.7666666666666667,
      "ndcg@10": 0.5494125243323306,
      "mrr": 0.4818253968253968
    },
    "byeolpyo": {
      "hit@1": 0.4,
      "recall@1": 0.4,
      "ndcg@1": 0.4,
      "hit@3": 0.5333333333333333,
      "recall@3": 0.5333333333333333,
      "ndcg@3": 0.47539531690476383,
      "hit@5": 0.6666666666666666,
      "recall@5": 0.6666666666666666,
      "ndcg@5": 0.532088462133902,
      "hit@10": 0.7333333333333333,
      "recall@10": 0.7333333333333333,
      "ndcg@10": 0.5529360988246859,
      "mrr": 0.496223544973545
    },
    "multihop": {
      "hit@1": 0.6333333333333333,
      "recall@1": 0.31666666666666665,
      "ndcg@1": 0.6333333333333333,
      "hit@3": 0.7833333333333333,
      "recall@3": 0.525,
      "ndcg@3": 0.5321213960812899,
      "hit@5": 0.8666666666666667,
      "recall@5": 0.6416666666666667,
      "ndcg@5": 0.5919459306946748,
      "hit@10": 0.9333333333333333,
      "recall@10": 0.75,
      "ndcg@10": 0.6346346421484712,
      "mrr": 0.7303174603174603
    }
  },
  "by_register": {
    "lowoverlap": {
      "hit@1": 0.44583333333333336,
      "recall@1": 0.36666666666666664,
      "ndcg@1": 0.44583333333333336,
      "hit@3": 0.6125,
      "recall@3": 0.5479166666666667,
      "ndcg@3": 0.49711557643103943,
      "hit@5": 0.7208333333333333,
      "recall@5": 0.6645833333333333,
      "ndcg@5": 0.5484777161830078,
      "hit@10": 0.825,
      "recall@10": 0.7791666666666667,
      "ndcg@10": 0.5874244022472334,
      "mrr": 0.5604877645502646
    }
  },
  "timing": {
    "chunk_s": 0.51,
    "index_s": 9.67,
    "query_s": 3.75,
    "q_per_s": 63.9
  }
}