{
  "config": {
    "chunker": "fixed",
    "retriever": "bm25",
    "embedder": "kure-v1",
    "byeolpyo": "md"
  },
  "n_chunks": 4723,
  "n_questions": 240,
  "overall": {
    "hit@1": 0.5833333333333334,
    "recall@1": 0.5,
    "ndcg@1": 0.5833333333333334,
    "hit@3": 0.7541666666666667,
    "recall@3": 0.68125,
    "ndcg@3": 0.6330641749316914,
    "hit@5": 0.825,
    "recall@5": 0.7666666666666667,
    "ndcg@5": 0.6701350661320302,
    "hit@10": 0.9125,
    "recall@10": 0.8729166666666667,
    "ndcg@10": 0.7068159776024356,
    "mrr": 0.6853439153439154
  },
  "by_type": {
    "factoid": {
      "hit@1": 0.75,
      "recall@1": 0.75,
      "ndcg@1": 0.75,
      "hit@3": 0.7833333333333333,
      "recall@3": 0.7833333333333333,
      "ndcg@3": 0.7688488292261909,
      "hit@5": 0.8666666666666667,
      "recall@5": 0.8666666666666667,
      "ndcg@5": 0.8040081465516595,
      "hit@10": 0.9166666666666666,
      "recall@10": 0.9166666666666666,
      "ndcg@10": 0.8206994665605584,
      "mrr": 0.7911111111111111
    },
    "crossref": {
      "hit@1": 0.3,
      "recall@1": 0.3,
      "ndcg@1": 0.3,
      "hit@3": 0.45,
      "recall@3": 0.45,
      "ndcg@3": 0.3815464876785729,
      "hit@5": 0.5833333333333334,
      "recall@5": 0.5833333333333334,
      "ndcg@5": 0.43604844536576853,
      "hit@10": 0.7833333333333333,
      "recall@10": 0.7833333333333333,
      "ndcg@10": 0.5007138820556661,
      "mrr": 0.4149206349206349
    },
    "byeolpyo": {
      "hit@1": 0.6166666666666667,
      "recall@1": 0.6166666666666667,
      "ndcg@1": 0.6166666666666667,
      "hit@3": 0.8666666666666667,
      "recall@3": 0.8666666666666667,
      "ndcg@3": 0.7634882922619096,
      "hit@5": 0.9166666666666666,
      "recall@5": 0.9166666666666666,
      "ndcg@5": 0.7842917243182651,
      "hit@10": 0.9833333333333333,
      "recall@10": 0.9833333333333333,
      "ndcg@10": 0.8053799423610779,
      "mrr": 0.7478439153439154
    },
    "multihop": {
      "hit@1": 0.6666666666666666,
      "recall@1": 0.3333333333333333,
      "ndcg@1": 0.6666666666666666,
      "hit@3": 0.9166666666666666,
      "recall@3": 0.625,
      "ndcg@3": 0.6183730905600924,
      "hit@5": 0.9333333333333333,
      "recall@5": 0.7,
      "ndcg@5": 0.656191948292428,
      "hit@10": 0.9666666666666667,
      "recall@10": 0.8083333333333333,
      "ndcg@10": 0.7004706194324404,
      "mrr": 0.7875
    }
  },
  "by_register": {
    "formal": {
      "hit@1": 0.580952380952381,
      "recall@1": 0.4857142857142857,
      "ndcg@1": 0.580952380952381,
      "hit@3": 0.7666666666666667,
      "recall@3": 0.6833333333333333,
      "ndcg@3": 0.6324022487144499,
      "hit@5": 0.8380952380952381,
      "recall@5": 0.7714285714285715,
      "ndcg@5": 0.6708759845371803,
      "hit@10": 0.9238095238095239,
      "recall@10": 0.8785714285714286,
      "ndcg@10": 0.7080280776436726,
      "mrr": 0.6893613000755858
    },
    "colloquial": {
      "hit@1": 0.6,
      "recall@1": 0.6,
      "ndcg@1": 0.6,
      "hit@3": 0.6666666666666666,
      "recall@3": 0.6666666666666666,
      "ndcg@3": 0.6376976584523819,
      "hit@5": 0.7333333333333333,
      "recall@5": 0.7333333333333333,
      "ndcg@5": 0.6649486372959797,
      "hit@10": 0.8333333333333334,
      "recall@10": 0.8333333333333334,
      "ndcg@10": 0.6983312773137774,
      "mrr": 0.6572222222222222
    }
  },
  "timing": {
    "chunk_s": 0.46,
    "index_s": 0.59,
    "query_s": 6.02,
    "q_per_s": 39.8
  }
}