{
  "config": {
    "chunker": "hang",
    "retriever": "vector",
    "embedder": "kure-v1",
    "byeolpyo": "md"
  },
  "n_chunks": 11505,
  "n_questions": 240,
  "overall": {
    "hit@1": 0.5791666666666667,
    "recall@1": 0.49166666666666664,
    "ndcg@1": 0.5791666666666667,
    "hit@3": 0.725,
    "recall@3": 0.6583333333333333,
    "ndcg@3": 0.6151583506436855,
    "hit@5": 0.7958333333333333,
    "recall@5": 0.7375,
    "ndcg@5": 0.6499636004243788,
    "hit@10": 0.8541666666666666,
    "recall@10": 0.80625,
    "ndcg@10": 0.6737308434619984,
    "mrr": 0.6666765873015873
  },
  "by_type": {
    "factoid": {
      "hit@1": 0.8166666666666667,
      "recall@1": 0.8166666666666667,
      "ndcg@1": 0.8166666666666667,
      "hit@3": 0.9,
      "recall@3": 0.9,
      "ndcg@3": 0.8648798210119062,
      "hit@5": 0.9666666666666667,
      "recall@5": 0.9666666666666667,
      "ndcg@5": 0.892130799855504,
      "hit@10": 1.0,
      "recall@10": 1.0,
      "ndcg@10": 0.90362314186286,
      "mrr": 0.8729365079365079
    },
    "crossref": {
      "hit@1": 0.31666666666666665,
      "recall@1": 0.31666666666666665,
      "ndcg@1": 0.31666666666666665,
      "hit@3": 0.43333333333333335,
      "recall@3": 0.43333333333333335,
      "ndcg@3": 0.3815464876785729,
      "hit@5": 0.48333333333333334,
      "recall@5": 0.48333333333333334,
      "ndcg@5": 0.4016195238876142,
      "hit@10": 0.5833333333333334,
      "recall@10": 0.5833333333333334,
      "ndcg@10": 0.4329650483892972,
      "mrr": 0.38708333333333333
    },
    "byeolpyo": {
      "hit@1": 0.48333333333333334,
      "recall@1": 0.48333333333333334,
      "ndcg@1": 0.48333333333333334,
      "hit@3": 0.7666666666666667,
      "recall@3": 0.7666666666666667,
      "ndcg@3": 0.6511859507142915,
      "hit@5": 0.85,
      "recall@5": 0.85,
      "ndcg@5": 0.6841540804978176,
      "hit@10": 0.9166666666666666,
      "recall@10": 0.9166666666666666,
      "ndcg@10": 0.7061031484531451,
      "mrr": 0.6379166666666667
    },
    "multihop": {
      "hit@1": 0.7,
      "recall@1": 0.35,
      "ndcg@1": 0.7,
      "hit@3": 0.8,
      "recall@3": 0.5333333333333333,
      "ndcg@3": 0.5630211431699715,
      "hit@5": 0.8833333333333333,
      "recall@5": 0.65,
      "ndcg@5": 0.62194999745658,
      "hit@10": 0.9166666666666666,
      "recall@10": 0.725,
      "ndcg@10": 0.6522320351426913,
      "mrr": 0.7687698412698413
    }
  },
  "by_register": {
    "formal": {
      "hit@1": 0.5619047619047619,
      "recall@1": 0.46190476190476193,
      "ndcg@1": 0.5619047619047619,
      "hit@3": 0.7047619047619048,
      "recall@3": 0.6285714285714286,
      "ndcg@3": 0.5892629280655721,
      "hit@5": 0.7761904761904762,
      "recall@5": 0.7095238095238096,
      "ndcg@5": 0.6249386748809037,
      "hit@10": 0.8333333333333334,
      "recall@10": 0.7785714285714286,
      "ndcg@10": 0.6488177120646529,
      "mrr": 0.6477437641723356
    },
    "colloquial": {
      "hit@1": 0.7,
      "recall@1": 0.7,
      "ndcg@1": 0.7,
      "hit@3": 0.8666666666666667,
      "recall@3": 0.8666666666666667,
      "ndcg@3": 0.7964263086904791,
      "hit@5": 0.9333333333333333,
      "recall@5": 0.9333333333333333,
      "ndcg@5": 0.8251380792287052,
      "hit@10": 1.0,
      "recall@10": 1.0,
      "ndcg@10": 0.8481227632434172,
      "mrr": 0.7992063492063491
    }
  },
  "timing": {
    "chunk_s": 0.44,
    "index_s": 16.05,
    "query_s": 3.44,
    "q_per_s": 69.9
  }
}