{
  "config": {
    "chunker": "hang",
    "retriever": "vector",
    "embedder": "kure-v1",
    "byeolpyo": "md",
    "rerank": false,
    "hyde": false
  },
  "n_chunks": 11505,
  "n_questions": 240,
  "overall": {
    "hit@1": 0.48333333333333334,
    "recall@1": 0.39166666666666666,
    "ndcg@1": 0.48333333333333334,
    "hit@3": 0.6916666666666667,
    "recall@3": 0.6041666666666666,
    "ndcg@3": 0.5400102743021085,
    "hit@5": 0.7791666666666667,
    "recall@5": 0.7041666666666667,
    "ndcg@5": 0.5833414232547799,
    "hit@10": 0.8541666666666666,
    "recall@10": 0.7916666666666666,
    "ndcg@10": 0.614513837215956,
    "mrr": 0.6034837962962963
  },
  "by_type": {
    "factoid": {
      "hit@1": 0.4666666666666667,
      "recall@1": 0.4666666666666667,
      "ndcg@1": 0.4666666666666667,
      "hit@3": 0.7166666666666667,
      "recall@3": 0.7166666666666667,
      "ndcg@3": 0.6156704548214339,
      "hit@5": 0.8333333333333334,
      "recall@5": 0.8333333333333334,
      "ndcg@5": 0.6651856574160155,
      "hit@10": 0.8666666666666667,
      "recall@10": 0.8666666666666667,
      "ndcg@10": 0.6766779994233715,
      "mrr": 0.6140476190476191
    },
    "crossref": {
      "hit@1": 0.35,
      "recall@1": 0.35,
      "ndcg@1": 0.35,
      "hit@3": 0.6333333333333333,
      "recall@3": 0.6333333333333333,
      "ndcg@3": 0.5069418045833367,
      "hit@5": 0.7333333333333333,
      "recall@5": 0.7333333333333333,
      "ndcg@5": 0.5485486686960477,
      "hit@10": 0.8333333333333334,
      "recall@10": 0.8333333333333334,
      "ndcg@10": 0.5808314211370896,
      "mrr": 0.5004828042328042
    },
    "byeolpyo": {
      "hit@1": 0.38333333333333336,
      "recall@1": 0.38333333333333336,
      "ndcg@1": 0.38333333333333336,
      "hit@3": 0.55,
      "recall@3": 0.55,
      "ndcg@3": 0.47975964202381244,
      "hit@5": 0.6666666666666666,
      "recall@5": 0.6666666666666666,
      "ndcg@5": 0.5285444487710799,
      "hit@10": 0.7333333333333333,
      "recall@10": 0.7333333333333333,
      "ndcg@10": 0.5508500942804202,
      "mrr": 0.49267857142857147
    },
    "multihop": {
      "hit@1": 0.7333333333333333,
      "recall@1": 0.36666666666666664,
      "ndcg@1": 0.7333333333333333,
      "hit@3": 0.8666666666666667,
      "recall@3": 0.5166666666666667,
      "ndcg@3": 0.5576691957798506,
      "hit@5": 0.8833333333333333,
      "recall@5": 0.5833333333333334,
      "ndcg@5": 0.5910869181359766,
      "hit@10": 0.9833333333333333,
      "recall@10": 0.7333333333333333,
      "ndcg@10": 0.6496958340229426,
      "mrr": 0.8067261904761904
    }
  },
  "by_register": {
    "lowoverlap": {
      "hit@1": 0.48333333333333334,
      "recall@1": 0.39166666666666666,
      "ndcg@1": 0.48333333333333334,
      "hit@3": 0.6916666666666667,
      "recall@3": 0.6041666666666666,
      "ndcg@3": 0.5400102743021085,
      "hit@5": 0.7791666666666667,
      "recall@5": 0.7041666666666667,
      "ndcg@5": 0.5833414232547799,
      "hit@10": 0.8541666666666666,
      "recall@10": 0.7916666666666666,
      "ndcg@10": 0.614513837215956,
      "mrr": 0.6034837962962963
    }
  },
  "timing": {
    "chunk_s": 0.54,
    "index_s": 11.99,
    "query_s": 5.3,
    "q_per_s": 45.3
  }
}