{
  "config": {
    "chunker": "hang",
    "retriever": "bm25",
    "embedder": "kure-v1",
    "byeolpyo": "md"
  },
  "n_chunks": 11505,
  "n_questions": 240,
  "overall": {
    "hit@1": 0.5416666666666666,
    "recall@1": 0.4479166666666667,
    "ndcg@1": 0.5416666666666666,
    "hit@3": 0.7208333333333333,
    "recall@3": 0.64375,
    "ndcg@3": 0.589637545226637,
    "hit@5": 0.7916666666666666,
    "recall@5": 0.725,
    "ndcg@5": 0.6249139507683368,
    "hit@10": 0.8916666666666667,
    "recall@10": 0.8416666666666667,
    "ndcg@10": 0.6641662294146684,
    "mrr": 0.6490757275132275
  },
  "by_type": {
    "factoid": {
      "hit@1": 0.7,
      "recall@1": 0.7,
      "ndcg@1": 0.7,
      "hit@3": 0.8333333333333334,
      "recall@3": 0.8333333333333334,
      "ndcg@3": 0.7753953169047638,
      "hit@5": 0.85,
      "recall@5": 0.85,
      "ndcg@5": 0.7825732595393204,
      "hit@10": 0.9,
      "recall@10": 0.9,
      "ndcg@10": 0.8003836188947215,
      "mrr": 0.7680555555555556
    },
    "crossref": {
      "hit@1": 0.2833333333333333,
      "recall@1": 0.2833333333333333,
      "ndcg@1": 0.2833333333333333,
      "hit@3": 0.45,
      "recall@3": 0.45,
      "ndcg@3": 0.37975964202381246,
      "hit@5": 0.6333333333333333,
      "recall@5": 0.6333333333333333,
      "ndcg@5": 0.45579542761467773,
      "hit@10": 0.85,
      "recall@10": 0.85,
      "ndcg@10": 0.5247767532482803,
      "mrr": 0.42596560846560844
    },
    "byeolpyo": {
      "hit@1": 0.43333333333333335,
      "recall@1": 0.43333333333333335,
      "ndcg@1": 0.43333333333333335,
      "hit@3": 0.7166666666666667,
      "recall@3": 0.7166666666666667,
      "ndcg@3": 0.596821625595243,
      "hit@5": 0.7666666666666667,
      "recall@5": 0.7666666666666667,
      "ndcg@5": 0.6168946618042842,
      "hit@10": 0.8666666666666667,
      "recall@10": 0.8666666666666667,
      "ndcg@10": 0.6481156011559217,
      "mrr": 0.5786044973544974
    },
    "multihop": {
      "hit@1": 0.75,
      "recall@1": 0.375,
      "ndcg@1": 0.75,
      "hit@3": 0.8833333333333333,
      "recall@3": 0.575,
      "ndcg@3": 0.6065735963827291,
      "hit@5": 0.9166666666666666,
      "recall@5": 0.65,
      "ndcg@5": 0.6443924541150648,
      "hit@10": 0.95,
      "recall@10": 0.75,
      "ndcg@10": 0.6833889443597502,
      "mrr": 0.8236772486772487
    }
  },
  "by_register": {
    "formal": {
      "hit@1": 0.5380952380952381,
      "recall@1": 0.430952380952381,
      "ndcg@1": 0.5380952380952381,
      "hit@3": 0.719047619047619,
      "recall@3": 0.6309523809523809,
      "ndcg@3": 0.579767387367857,
      "hit@5": 0.8,
      "recall@5": 0.7238095238095238,
      "ndcg@5": 0.6200832794155138,
      "hit@10": 0.9047619047619048,
      "recall@10": 0.8476190476190476,
      "ndcg@10": 0.6615505770388641,
      "mrr": 0.6497373393801965
    },
    "colloquial": {
      "hit@1": 0.5666666666666667,
      "recall@1": 0.5666666666666667,
      "ndcg@1": 0.5666666666666667,
      "hit@3": 0.7333333333333333,
      "recall@3": 0.7333333333333333,
      "ndcg@3": 0.6587286502380972,
      "hit@5": 0.7333333333333333,
      "recall@5": 0.7333333333333333,
      "ndcg@5": 0.6587286502380972,
      "hit@10": 0.8,
      "recall@10": 0.8,
      "ndcg@10": 0.6824757960452987,
      "mrr": 0.6444444444444444
    }
  },
  "timing": {
    "chunk_s": 0.45,
    "index_s": 0.67,
    "query_s": 13.47,
    "q_per_s": 17.8
  }
}