{
  "experiment": "E6_lightrag",
  "n_questions": 240,
  "top_k": 10,
  "_note": "2026-06-28 실측 재현(전체 메트릭). Mistral-Small-4-119B 서빙으로 5모드 재질의, 이전 부분재구성본과 recall@5·MRR 소수 셋째 자리까지 일치.",
  "modes": {
    "naive": {
      "overall": {
        "hit@1": 0.5416666666666666,
        "recall@1": 0.46041666666666664,
        "ndcg@1": 0.5416666666666666,
        "hit@3": 0.7083333333333334,
        "recall@3": 0.6479166666666667,
        "ndcg@3": 0.5996546002014597,
        "hit@5": 0.7916666666666666,
        "recall@5": 0.7375,
        "ndcg@5": 0.6391491051434837,
        "hit@10": 0.8083333333333333,
        "recall@10": 0.7625,
        "ndcg@10": 0.6482723597018448,
        "mrr": 0.6392113095238094
      },
      "by_type": {
        "factoid": {
          "hit@1": 0.7666666666666667,
          "recall@1": 0.7666666666666667,
          "ndcg@1": 0.7666666666666667,
          "hit@3": 0.9333333333333333,
          "recall@3": 0.9333333333333333,
          "ndcg@3": 0.8674573004761944,
          "hit@5": 1.0,
          "recall@5": 1.0,
          "ndcg@5": 0.8947082793197921,
          "hit@10": 1.0,
          "recall@10": 1.0,
          "ndcg@10": 0.8947082793197921,
          "mrr": 0.8594444444444445
        },
        "crossref": {
          "hit@1": 0.23333333333333334,
          "recall@1": 0.23333333333333334,
          "ndcg@1": 0.23333333333333334,
          "hit@3": 0.38333333333333336,
          "recall@3": 0.38333333333333336,
          "ndcg@3": 0.3214263086904791,
          "hit@5": 0.4666666666666667,
          "recall@5": 0.4666666666666667,
          "ndcg@5": 0.3551248343213193,
          "hit@10": 0.4666666666666667,
          "recall@10": 0.4666666666666667,
          "ndcg@10": 0.3551248343213193,
          "mrr": 0.31833333333333336
        },
        "byeolpyo": {
          "hit@1": 0.5166666666666667,
          "recall@1": 0.5166666666666667,
          "ndcg@1": 0.5166666666666667,
          "hit@3": 0.7,
          "recall@3": 0.7,
          "ndcg@3": 0.6257906338095277,
          "hit@5": 0.7833333333333333,
          "recall@5": 0.7833333333333333,
          "ndcg@5": 0.6594891594403678,
          "hit@10": 0.8333333333333334,
          "recall@10": 0.8333333333333334,
          "ndcg@10": 0.6762392493941526,
          "mrr": 0.6255753968253969
        },
        "multihop": {
          "hit@1": 0.65,
          "recall@1": 0.325,
          "ndcg@1": 0.65,
          "hit@3": 0.8166666666666667,
          "recall@3": 0.575,
          "ndcg@3": 0.5839441578296376,
          "hit@5": 0.9166666666666666,
          "recall@5": 0.7,
          "ndcg@5": 0.6472741474924557,
          "hit@10": 0.9333333333333333,
          "recall@10": 0.75,
          "ndcg@10": 0.6670170757721152,
          "mrr": 0.7534920634920634
        }
      }
    },
    "local": {
      "overall": {
        "hit@1": 0.36666666666666664,
        "recall@1": 0.3145833333333333,
        "ndcg@1": 0.36666666666666664,
        "hit@3": 0.475,
        "recall@3": 0.4166666666666667,
        "ndcg@3": 0.39128518189807765,
        "hit@5": 0.5166666666666667,
        "recall@5": 0.4625,
        "ndcg@5": 0.4113590932234787,
        "hit@10": 0.5666666666666667,
        "recall@10": 0.5166666666666667,
        "ndcg@10": 0.4298562134267845,
        "mrr": 0.42985780423280423
      },
      "by_type": {
        "factoid": {
          "hit@1": 0.5833333333333334,
          "recall@1": 0.5833333333333334,
          "ndcg@1": 0.5833333333333334,
          "hit@3": 0.6333333333333333,
          "recall@3": 0.6333333333333333,
          "ndcg@3": 0.6126976584523819,
          "hit@5": 0.65,
          "recall@5": 0.65,
          "ndcg@5": 0.6198756010869385,
          "hit@10": 0.65,
          "recall@10": 0.65,
          "ndcg@10": 0.6198756010869385,
          "mrr": 0.6097222222222223
        },
        "crossref": {
          "hit@1": 0.16666666666666666,
          "recall@1": 0.16666666666666666,
          "ndcg@1": 0.16666666666666666,
          "hit@3": 0.3,
          "recall@3": 0.3,
          "ndcg@3": 0.24642630869047907,
          "hit@5": 0.4166666666666667,
          "recall@5": 0.4166666666666667,
          "ndcg@5": 0.29448071959043237,
          "hit@10": 0.5833333333333334,
          "recall@10": 0.5833333333333334,
          "ndcg@10": 0.3493081552050556,
          "mrr": 0.2776058201058201
        },
        "byeolpyo": {
          "hit@1": 0.3,
          "recall@1": 0.3,
          "ndcg@1": 0.3,
          "hit@3": 0.35,
          "recall@3": 0.35,
          "ndcg@3": 0.3271821625595243,
          "hit@5": 0.35,
          "recall@5": 0.35,
          "ndcg@5": 0.3271821625595243,
          "hit@10": 0.36666666666666664,
          "recall@10": 0.36666666666666664,
          "ndcg@10": 0.33311894901132466,
          "mrr": 0.3222222222222222
        },
        "multihop": {
          "hit@1": 0.4166666666666667,
          "recall@1": 0.20833333333333334,
          "ndcg@1": 0.4166666666666667,
          "hit@3": 0.6166666666666667,
          "recall@3": 0.38333333333333336,
          "ndcg@3": 0.37883459788992535,
          "hit@5": 0.65,
          "recall@5": 0.43333333333333335,
          "ndcg@5": 0.4038978896570197,
          "hit@10": 0.6666666666666666,
          "recall@10": 0.4666666666666667,
          "ndcg@10": 0.41712214840381917,
          "mrr": 0.5098809523809523
        }
      }
    },
    "global": {
      "overall": {
        "hit@1": 0.5,
        "recall@1": 0.425,
        "ndcg@1": 0.5,
        "hit@3": 0.5875,
        "recall@3": 0.5375,
        "ndcg@3": 0.5074489467406719,
        "hit@5": 0.6375,
        "recall@5": 0.5854166666666667,
        "ndcg@5": 0.5280340239047742,
        "hit@10": 0.7208333333333333,
        "recall@10": 0.6729166666666667,
        "ndcg@10": 0.5580637841250274,
        "mrr": 0.5540492724867725
      },
      "by_type": {
        "factoid": {
          "hit@1": 0.6666666666666666,
          "recall@1": 0.6666666666666666,
          "ndcg@1": 0.6666666666666666,
          "hit@3": 0.7666666666666667,
          "recall@3": 0.7666666666666667,
          "ndcg@3": 0.718848829226191,
          "hit@5": 0.8,
          "recall@5": 0.8,
          "ndcg@5": 0.7324743186479898,
          "hit@10": 0.8666666666666667,
          "recall@10": 0.8666666666666667,
          "ndcg@10": 0.7542415751961743,
          "mrr": 0.719371693121693
        },
        "crossref": {
          "hit@1": 0.25,
          "recall@1": 0.25,
          "ndcg@1": 0.25,
          "hit@3": 0.3,
          "recall@3": 0.3,
          "ndcg@3": 0.27718216255952427,
          "hit@5": 0.3333333333333333,
          "recall@5": 0.3333333333333333,
          "ndcg@5": 0.2908076519813232,
          "hit@10": 0.45,
          "recall@10": 0.45,
          "ndcg@10": 0.32924157519617425,
          "mrr": 0.2931812169312169
        },
        "byeolpyo": {
          "hit@1": 0.48333333333333334,
          "recall@1": 0.48333333333333334,
          "ndcg@1": 0.48333333333333334,
          "hit@3": 0.5666666666666667,
          "recall@3": 0.5666666666666667,
          "ndcg@3": 0.525,
          "hit@5": 0.6333333333333333,
          "recall@5": 0.6333333333333333,
          "ndcg@5": 0.5515205829962837,
          "hit@10": 0.7166666666666667,
          "recall@10": 0.7166666666666667,
          "ndcg@10": 0.5782627447146773,
          "mrr": 0.536170634920635
        },
        "multihop": {
          "hit@1": 0.6,
          "recall@1": 0.3,
          "ndcg@1": 0.6,
          "hit@3": 0.7166666666666667,
          "recall@3": 0.5166666666666667,
          "ndcg@3": 0.5087647951769723,
          "hit@5": 0.7833333333333333,
          "recall@5": 0.575,
          "ndcg@5": 0.5373335419934999,
          "hit@10": 0.85,
          "recall@10": 0.6583333333333333,
          "ndcg@10": 0.5705092413930839,
          "mrr": 0.6674735449735449
        }
      }
    },
    "hybrid": {
      "overall": {
        "hit@1": 0.5291666666666667,
        "recall@1": 0.45,