{
  "experiment": "E6_lightrag",
  "n_questions": 240,
  "top_k": 10,
  "modes": {
    "naive": {
      "overall": {
        "hit@1": 0.4708333333333333,
        "recall@1": 0.4,
        "ndcg@1": 0.4708333333333333,
        "hit@3": 0.7208333333333333,
        "recall@3": 0.6604166666666667,
        "ndcg@3": 0.580990043952034,
        "hit@5": 0.8291666666666667,
        "recall@5": 0.7666666666666667,
        "ndcg@5": 0.6277331304495962,
        "hit@10": 0.8666666666666667,
        "recall@10": 0.825,
        "ndcg@10": 0.6488023999371303,
        "mrr": 0.6159986772486773
      },
      "by_type": {
        "factoid": {
          "hit@1": 0.48333333333333334,
          "recall@1": 0.48333333333333334,
          "ndcg@1": 0.48333333333333334,
          "hit@3": 0.7666666666666667,
          "recall@3": 0.7666666666666667,
          "ndcg@3": 0.6468216255952429,
          "hit@5": 0.8666666666666667,
          "recall@5": 0.8666666666666667,
          "ndcg@5": 0.6884284897079539,
          "hit@10": 0.8833333333333333,
          "recall@10": 0.8833333333333333,
          "ndcg@10": 0.6943652761597542,
          "mrr": 0.6316666666666666
        },
        "crossref": {
          "hit@1": 0.36666666666666664,
          "recall@1": 0.36666666666666664,
          "ndcg@1": 0.36666666666666664,
          "hit@3": 0.6166666666666667,
          "recall@3": 0.6166666666666667,
          "ndcg@3": 0.5178526173809581,
          "hit@5": 0.7166666666666667,
          "recall@5": 0.7166666666666667,
          "ndcg@5": 0.5594594814936691,
          "hit@10": 0.7833333333333333,
          "recall@10": 0.7833333333333333,
          "ndcg@10": 0.5817651270030094,
          "mrr": 0.5162896825396825
        },
        "byeolpyo": {
          "hit@1": 0.4666666666666667,
          "recall@1": 0.4666666666666667,
          "ndcg@1": 0.4666666666666667,
          "hit@3": 0.6666666666666666,
          "recall@3": 0.6666666666666666,
          "ndcg@3": 0.5906704548214339,
          "hit@5": 0.7666666666666667,
          "recall@5": 0.7666666666666667,
          "ndcg@5": 0.6315469230868306,
          "hit@10": 0.8333333333333334,
          "recall@10": 0.8333333333333334,
          "ndcg@10": 0.653314179635015,
          "mrr": 0.5954828042328042
        },
        "multihop": {
          "hit@1": 0.5666666666666667,
          "recall@1": 0.2833333333333333,
          "ndcg@1": 0.5666666666666667,
          "hit@3": 0.8333333333333334,
          "recall@3": 0.5916666666666667,
          "ndcg@3": 0.568615478010501,
          "hit@5": 0.9666666666666667,
          "recall@5": 0.7166666666666667,
          "ndcg@5": 0.6314976275099311,
          "hit@10": 0.9666666666666667,
          "recall@10": 0.8,
          "ndcg@10": 0.6657650169507423,
          "mrr": 0.7205555555555556
        }
      }
    },
    "local": {
      "overall": {
        "hit@1": 0.2791666666666667,
        "recall@1": 0.23958333333333334,
        "ndcg@1": 0.2791666666666667,
        "hit@3": 0.35,
        "recall@3": 0.3104166666666667,
        "ndcg@3": 0.28983486868360037,
        "hit@5": 0.35833333333333334,
        "recall@5": 0.32708333333333334,
        "ndcg@5": 0.2973064962927187,
        "hit@10": 0.375,
        "recall@10": 0.34791666666666665,
        "ndcg@10": 0.3044875521577627,
        "mrr": 0.31045634920634924
      },
      "by_type": {
        "factoid": {
          "hit@1": 0.26666666666666666,
          "recall@1": 0.26666666666666666,
          "ndcg@1": 0.26666666666666666,
          "hit@3": 0.31666666666666665,
          "recall@3": 0.31666666666666665,
          "ndcg@3": 0.293848829226191,
          "hit@5": 0.31666666666666665,
          "recall@5": 0.31666666666666665,
          "ndcg@5": 0.293848829226191,
          "hit@10": 0.3333333333333333,
          "recall@10": 0.3333333333333333,
          "ndcg@10": 0.2994043847817465,
          "mrr": 0.2884920634920635
        },
        "crossref": {
          "hit@1": 0.26666666666666666,
          "recall@1": 0.26666666666666666,
          "ndcg@1": 0.26666666666666666,
          "hit@3": 0.36666666666666664,
          "recall@3": 0.36666666666666664,
          "ndcg@3": 0.32103099178571526,
          "hit@5": 0.36666666666666664,
          "recall@5": 0.36666666666666664,
          "ndcg@5": 0.32103099178571526,
          "hit@10": 0.4,
          "recall@10": 0.4,
          "ndcg@10": 0.33222552618394446,
          "mrr": 0.3104166666666667
        },
        "byeolpyo": {
          "hit@1": 0.26666666666666666,
          "recall@1": 0.26666666666666666,
          "ndcg@1": 0.26666666666666666,
          "hit@3": 0.31666666666666665,
          "recall@3": 0.31666666666666665,
          "ndcg@3": 0.293848829226191,
          "hit@5": 0.35,
          "recall@5": 0.35,
          "ndcg@5": 0.30747431864798985,
          "hit@10": 0.36666666666666664,
          "recall@10": 0.36666666666666664,
          "ndcg@10": 0.31273206659441866,
          "mrr": 0.2956944444444444
        },
        "multihop": {
          "hit@1": 0.31666666666666665,
          "recall@1": 0.15833333333333333,
          "ndcg@1": 0.31666666666666665,
          "hit@3": 0.4,
          "recall@3": 0.24166666666666667,
          "ndcg@3": 0.2506108244963042,
          "hit@5": 0.4,
          "recall@5": 0.275,
          "ndcg@5": 0.2668718455109788,
          "hit@10": 0.4,
          "recall@10": 0.2916666666666667,
          "ndcg@10": 0.27358823107094105,
          "mrr": 0.3472222222222222
        }
      }
    },
    "global": {
      "overall": {
        "hit@1": 0.42916666666666664,
        "recall@1": 0.36875,
        "ndcg@1": 0.42916666666666664,
        "hit@3": 0.5916666666666667,
        "recall@3": 0.5333333333333333,
        "ndcg@3": 0.47230392086460593,
        "hit@5": 0.6625,
        "recall@5": 0.6166666666666667,
        "ndcg@5": 0.5085673391673403,
        "hit@10": 0.7083333333333334,
        "recall@10": 0.6645833333333333,
        "ndcg@10": 0.5257087475509035,
        "mrr": 0.5085780423280423
      },
      "by_type": {
        "factoid": {
          "hit@1": 0.5,
          "recall@1": 0.5,
          "ndcg@1": 0.5,
          "hit@3": 0.6833333333333333,
          "recall@3": 0.6833333333333333,
          "ndcg@3": 0.5916666666666667,
          "hit@5": 0.7833333333333333,
          "recall@5": 0.7833333333333333,
          "ndcg@5": 0.6318127390847492,
          "hit@10": 0.8166666666666667,
          "recall@10": 0.8166666666666667,
          "ndcg@10": 0.6423854612347044,
          "mrr": 0.587010582010582
        },
        "crossref": {
          "hit@1": 0.3333333333333333,
          "recall@1": 0.3333333333333333,
          "ndcg@1": 0.3333333333333333,
          "hit@3": 0.5,
          "recall@3": 0.5,
          "ndcg@3": 0.42103099178571524,
          "hit@5": 0.55,
          "recall@5": 0.55,
          "ndcg@5": 0.44110402799475656,
          "hit@10": 0.6,
          "recall@10": 0.6,
          "ndcg@10": 0.45785411794854125,
          "mrr": 0.41251984126984126
        },
        "byeolpyo": {
          "hit@1": 0.4,
          "recall@1": 0.4,
          "ndcg@1": 0.4,
          "hit@3": 0.5333333333333333,
          "recall@3": 0.5333333333333333,
          "ndcg@3": 0.468848829226191,
          "hit@5": 0.5833333333333334,
          "recall@5": 0.5833333333333334,
          "ndcg@5": 0.48819146958791804,
          "hit@10": 0.6166666666666667,
          "recall@10": 0.6166666666666667,
          "ndcg@10": 0.4993860039861472,
          "mrr": 0.46208333333333335
        },
        "multihop": {
          "hit@1": 0.48333333333333334,
          "recall@1": 0.24166666666666667,
          "ndcg@1": 0.48333333333333334,
          "hit@3": 0.65,
          "recall@3": 0.4166666666666667,
          "ndcg@3": 0.40766919577985067,
          "hit@5": 0.7333333333333333,
          "recall@5": 0.55,
          "ndcg@5": 0.4731611200019376,
          "hit@10": 0.8,
          "recall@10": 0.625,