{
  "config": {
    "chunker": "parent",
    "retriever": "vector",
    "embedder": "kure-v1",
    "byeolpyo": "md",
    "rerank": false,
    "hyde": false
  },
  "n_chunks": 11505,
  "n_questions": 240,
  "overall": {
    "hit@1": 0.48333333333333334,
    "recall@1": 0.39166666666666666,
    "ndcg@1": 0.48333333333333334,
    "hit@3": 0.7166666666666667,
    "recall@3": 0.6270833333333333,
    "ndcg@3": 0.5547665308649911,
    "hit@5": 0.8041666666666667,
    "recall@5": 0.7375,
    "ndcg@5": 0.6035573409040024,
    "hit@10": 0.8625,
    "recall@10": 0.8083333333333333,
    "ndcg@10": 0.6293431869399763,
    "mrr": 0.6131001984126985
  },
  "by_type": {
    "factoid": {
      "hit@1": 0.4666666666666667,
      "recall@1": 0.4666666666666667,
      "ndcg@1": 0.4666666666666667,
      "hit@3": 0.7333333333333333,
      "recall@3": 0.7333333333333333,
      "ndcg@3": 0.6261859507142915,
      "hit@5": 0.8833333333333333,
      "recall@5": 0.8833333333333333,
      "ndcg@5": 0.689326642730672,
      "hit@10": 0.8833333333333333,
      "recall@10": 0.8833333333333333,
      "ndcg@10": 0.689326642730672,
      "mrr": 0.6247222222222223
    },
    "crossref": {
      "hit@1": 0.35,
      "recall@1": 0.35,
      "ndcg@1": 0.35,
      "hit@3": 0.6833333333333333,
      "recall@3": 0.6833333333333333,
      "ndcg@3": 0.5384882922619096,
      "hit@5": 0.75,
      "recall@5": 0.75,
      "ndcg@5": 0.5657392711055074,
      "hit@10": 0.8333333333333334,
      "recall@10": 0.8333333333333334,
      "ndcg@10": 0.5933860878483945,
      "mrr": 0.5156944444444445
    },
    "byeolpyo": {
      "hit@1": 0.38333333333333336,
      "recall@1": 0.38333333333333336,
      "ndcg@1": 0.38333333333333336,
      "hit@3": 0.5666666666666667,
      "recall@3": 0.5666666666666667,
      "ndcg@3": 0.49027513791667005,
      "hit@5": 0.6666666666666666,
      "recall@5": 0.6666666666666666,
      "ndcg@5": 0.5326123978766951,
      "hit@10": 0.75,
      "recall@10": 0.75,
      "ndcg@10": 0.5609382531249539,
      "mrr": 0.5005555555555555
    },
    "multihop": {
      "hit@1": 0.7333333333333333,
      "recall@1": 0.36666666666666664,
      "ndcg@1": 0.7333333333333333,
      "hit@3": 0.8833333333333333,
      "recall@3": 0.525,
      "ndcg@3": 0.5641167425670931,
      "hit@5": 0.9166666666666666,
      "recall@5": 0.65,
      "ndcg@5": 0.6265510519031349,
      "hit@10": 0.9833333333333333,
      "recall@10": 0.7666666666666667,
      "ndcg@10": 0.6737217640558842,
      "mrr": 0.8114285714285714
    }
  },
  "by_register": {
    "lowoverlap": {
      "hit@1": 0.48333333333333334,
      "recall@1": 0.39166666666666666,
      "ndcg@1": 0.48333333333333334,
      "hit@3": 0.7166666666666667,
      "recall@3": 0.6270833333333333,
      "ndcg@3": 0.5547665308649911,
      "hit@5": 0.8041666666666667,
      "recall@5": 0.7375,
      "ndcg@5": 0.6035573409040024,
      "hit@10": 0.8625,
      "recall@10": 0.8083333333333333,
      "ndcg@10": 0.6293431869399763,
      "mrr": 0.6131001984126985
    }
  },
  "timing": {
    "chunk_s": 0.51,
    "index_s": 12.34,
    "query_s": 5.81,
    "q_per_s": 41.3
  }
}