{
  "config": {
    "chunker": "parent",
    "retriever": "vector",
    "embedder": "kure-v1",
    "byeolpyo": "md"
  },
  "n_chunks": 11505,
  "n_questions": 240,
  "overall": {
    "hit@1": 0.5791666666666667,
    "recall@1": 0.49166666666666664,
    "ndcg@1": 0.5791666666666667,
    "hit@3": 0.7375,
    "recall@3": 0.6791666666666667,
    "ndcg@3": 0.6299639659870938,
    "hit@5": 0.8125,
    "recall@5": 0.7541666666666667,
    "ndcg@5": 0.6623864861319106,
    "hit@10": 0.8625,
    "recall@10": 0.8166666666666667,
    "ndcg@10": 0.684474580615425,
    "mrr": 0.6735515873015873
  },
  "by_type": {
    "factoid": {
      "hit@1": 0.8166666666666667,
      "recall@1": 0.8166666666666667,
      "ndcg@1": 0.8166666666666667,
      "hit@3": 0.9166666666666666,
      "recall@3": 0.9166666666666666,
      "ndcg@3": 0.8775774794642881,
      "hit@5": 0.9833333333333333,
      "recall@5": 0.9833333333333333,
      "ndcg@5": 0.9040980624605717,
      "hit@10": 1.0,
      "recall@10": 1.0,
      "ndcg@10": 0.9100348489123722,
      "mrr": 0.8808333333333334
    },
    "crossref": {
      "hit@1": 0.31666666666666665,
      "recall@1": 0.31666666666666665,
      "ndcg@1": 0.31666666666666665,
      "hit@3": 0.45,
      "recall@3": 0.45,
      "ndcg@3": 0.3920619835714305,
      "hit@5": 0.5166666666666667,
      "recall@5": 0.5166666666666667,
      "ndcg@5": 0.4200433582623425,
      "hit@10": 0.5833333333333334,
      "recall@10": 0.5833333333333334,
      "ndcg@10": 0.44063434920692707,
      "mrr": 0.3959722222222222
    },
    "byeolpyo": {
      "hit@1": 0.48333333333333334,
      "recall@1": 0.48333333333333334,
      "ndcg@1": 0.48333333333333334,
      "hit@3": 0.7666666666666667,
      "recall@3": 0.7666666666666667,
      "ndcg@3": 0.6511859507142915,
      "hit@5": 0.85,
      "recall@5": 0.85,
      "ndcg@5": 0.6841540804978176,
      "hit@10": 0.9333333333333333,
      "recall@10": 0.9333333333333333,
      "ndcg@10": 0.7127777433552029,
      "mrr": 0.6414087301587301
    },
    "multihop": {
      "hit@1": 0.7,
      "recall@1": 0.35,
      "ndcg@1": 0.7,
      "hit@3": 0.8166666666666667,
      "recall@3": 0.5833333333333334,
      "ndcg@3": 0.5990304501983653,
      "hit@5": 0.9,
      "recall@5": 0.6666666666666666,
      "ndcg@5": 0.6412504433069108,
      "hit@10": 0.9333333333333333,
      "recall@10": 0.75,
      "ndcg@10": 0.6744513809871978,
      "mrr": 0.7759920634920635
    }
  },
  "by_register": {
    "formal": {
      "hit@1": 0.5619047619047619,
      "recall@1": 0.46190476190476193,
      "ndcg@1": 0.5619047619047619,
      "hit@3": 0.7142857142857143,
      "recall@3": 0.6476190476190476,
      "ndcg@3": 0.6025557289002155,
      "hit@5": 0.7904761904761904,
      "recall@5": 0.7238095238095238,
      "ndcg@5": 0.6357170406594921,
      "hit@10": 0.8428571428571429,
      "recall@10": 0.7904761904761904,
      "ndcg@10": 0.6592643525115655,
      "mrr": 0.6533446712018142
    },
    "colloquial": {
      "hit@1": 0.7,
      "recall@1": 0.7,
      "ndcg@1": 0.7,
      "hit@3": 0.9,
      "recall@3": 0.9,
      "ndcg@3": 0.821821625595243,
      "hit@5": 0.9666666666666667,
      "recall@5": 0.9666666666666667,
      "ndcg@5": 0.8490726044388407,
      "hit@10": 1.0,
      "recall@10": 1.0,
      "ndcg@10": 0.8609461773424415,
      "mrr": 0.815
    }
  },
  "timing": {
    "chunk_s": 0.48,
    "index_s": 16.12,
    "query_s": 3.37,
    "q_per_s": 71.3
  }
}