{
  "config": {
    "chunker": "article",
    "retriever": "vector",
    "embedder": "kure-v1",
    "byeolpyo": "md",
    "rerank": false,
    "hyde": true
  },
  "n_chunks": 3251,
  "n_questions": 240,
  "overall": {
    "hit@1": 0.45,
    "recall@1": 0.3770833333333333,
    "ndcg@1": 0.45,
    "hit@3": 0.6583333333333333,
    "recall@3": 0.5854166666666667,
    "ndcg@3": 0.5243941974929355,
    "hit@5": 0.7041666666666667,
    "recall@5": 0.6520833333333333,
    "ndcg@5": 0.5535925072300742,
    "hit@10": 0.7458333333333333,
    "recall@10": 0.7020833333333333,
    "ndcg@10": 0.5715539872326993,
    "mrr": 0.5575049603174603
  },
  "by_type": {
    "factoid": {
      "hit@1": 0.6,
      "recall@1": 0.6,
      "ndcg@1": 0.6,
      "hit@3": 0.8333333333333334,
      "recall@3": 0.8333333333333334,
      "ndcg@3": 0.7384882922619096,
      "hit@5": 0.8833333333333333,
      "recall@5": 0.8833333333333333,
      "ndcg@5": 0.7585613284709508,
      "hit@10": 0.9166666666666666,
      "recall@10": 0.9166666666666666,
      "ndcg@10": 0.7686368235226778,
      "mrr": 0.7201388888888889
    },
    "crossref": {
      "hit@1": 0.2,
      "recall@1": 0.2,
      "ndcg@1": 0.2,
      "hit@3": 0.3333333333333333,
      "recall@3": 0.3333333333333333,
      "ndcg@3": 0.2753953169047639,
      "hit@5": 0.35,
      "recall@5": 0.35,
      "ndcg@5": 0.2825732595393204,
      "hit@10": 0.4,
      "recall@10": 0.4,
      "ndcg@10": 0.3000023879984767,
      "mrr": 0.26765873015873015
    },
    "byeolpyo": {
      "hit@1": 0.4166666666666667,
      "recall@1": 0.4166666666666667,
      "ndcg@1": 0.4166666666666667,
      "hit@3": 0.6333333333333333,
      "recall@3": 0.6333333333333333,
      "ndcg@3": 0.5446394630357186,
      "hit@5": 0.7333333333333333,
      "recall@5": 0.7333333333333333,
      "ndcg@5": 0.584055139606487,
      "hit@10": 0.7666666666666667,
      "recall@10": 0.7666666666666667,
      "ndcg@10": 0.5945706354993446,
      "mrr": 0.538888888888889
    },
    "multihop": {
      "hit@1": 0.5833333333333334,
      "recall@1": 0.2916666666666667,
      "ndcg@1": 0.5833333333333334,
      "hit@3": 0.8333333333333334,
      "recall@3": 0.5416666666666666,
      "ndcg@3": 0.5390537177693496,
      "hit@5": 0.85,
      "recall@5": 0.6416666666666667,
      "ndcg@5": 0.5891803013035385,
      "hit@10": 0.9,
      "recall@10": 0.725,
      "ndcg@10": 0.6230061019102985,
      "mrr": 0.7033333333333334
    }
  },
  "by_register": {
    "formal": {
      "hit@1": 0.44761904761904764,
      "recall@1": 0.36428571428571427,
      "ndcg@1": 0.44761904761904764,
      "hit@3": 0.6428571428571429,
      "recall@3": 0.5595238095238095,
      "ndcg@3": 0.5080950410973677,
      "hit@5": 0.6857142857142857,
      "recall@5": 0.6261904761904762,
      "ndcg@5": 0.5375715409621551,
      "hit@10": 0.7285714285714285,
      "recall@10": 0.6785714285714286,
      "ndcg@10": 0.5565967329804614,
      "mrr": 0.5494897959183673
    },
    "colloquial": {
      "hit@1": 0.4666666666666667,
      "recall@1": 0.4666666666666667,
      "ndcg@1": 0.4666666666666667,
      "hit@3": 0.7666666666666667,
      "recall@3": 0.7666666666666667,
      "ndcg@3": 0.6384882922619096,
      "hit@5": 0.8333333333333334,
      "recall@5": 0.8333333333333334,
      "ndcg@5": 0.6657392711055075,
      "hit@10": 0.8666666666666667,
      "recall@10": 0.8666666666666667,
      "ndcg@10": 0.6762547669983651,
      "mrr": 0.6136111111111112
    }
  },
  "timing": {
    "chunk_s": 0.4,
    "index_s": 14.62,
    "query_s": 3.52,
    "q_per_s": 68.2
  }
}