{
  "config": {
    "chunker": "article",
    "retriever": "hybrid",
    "embedder": "kure-v1",
    "byeolpyo": "md",
    "rerank": true,
    "hyde": true
  },
  "n_chunks": 3251,
  "n_questions": 240,
  "overall": {
    "hit@1": 0.5541666666666667,
    "recall@1": 0.46041666666666664,
    "ndcg@1": 0.5541666666666667,
    "hit@3": 0.7416666666666667,
    "recall@3": 0.6875,
    "ndcg@3": 0.6252383732049295,
    "hit@5": 0.7916666666666666,
    "recall@5": 0.7416666666666667,
    "ndcg@5": 0.6489425769674744,
    "hit@10": 0.8375,
    "recall@10": 0.7979166666666667,
    "ndcg@10": 0.6692526478052325,
    "mrr": 0.6572420634920635
  },
  "by_type": {
    "factoid": {
      "hit@1": 0.5833333333333334,
      "recall@1": 0.5833333333333334,
      "ndcg@1": 0.5833333333333334,
      "hit@3": 0.75,
      "recall@3": 0.75,
      "ndcg@3": 0.6819418045833368,
      "hit@5": 0.7833333333333333,
      "recall@5": 0.7833333333333333,
      "ndcg@5": 0.6962976898524499,
      "hit@10": 0.8166666666666667,
      "recall@10": 0.8166666666666667,
      "ndcg@10": 0.707408800963561,
      "mrr": 0.6714285714285714
    },
    "crossref": {
      "hit@1": 0.43333333333333335,
      "recall@1": 0.43333333333333335,
      "ndcg@1": 0.43333333333333335,
      "hit@3": 0.7,
      "recall@3": 0.7,
      "ndcg@3": 0.5841239671428611,
      "hit@5": 0.7666666666666667,
      "recall@5": 0.7666666666666667,
      "ndcg@5": 0.6113749459864588,
      "hit@10": 0.8166666666666667,
      "recall@10": 0.8166666666666667,
      "ndcg@10": 0.6285062668364884,
      "mrr": 0.5670833333333333
    },
    "byeolpyo": {
      "hit@1": 0.45,
      "recall@1": 0.45,
      "ndcg@1": 0.45,
      "hit@3": 0.6666666666666666,
      "recall@3": 0.6666666666666666,
      "ndcg@3": 0.5845192840476249,
      "hit@5": 0.7333333333333333,
      "recall@5": 0.7333333333333333,
      "ndcg@5": 0.6117702628912227,
      "hit@10": 0.8,
      "recall@10": 0.8,
      "ndcg@10": 0.6351361778021793,
      "mrr": 0.5812698412698413
    },
    "multihop": {
      "hit@1": 0.75,
      "recall@1": 0.375,
      "ndcg@1": 0.75,
      "hit@3": 0.85,
      "recall@3": 0.6333333333333333,
      "ndcg@3": 0.6503684370458954,
      "hit@5": 0.8833333333333333,
      "recall@5": 0.6833333333333333,
      "ndcg@5": 0.6763274091397663,
      "hit@10": 0.9166666666666666,
      "recall@10": 0.7583333333333333,
      "ndcg@10": 0.7059593456187016,
      "mrr": 0.8091865079365079
    }
  },
  "by_register": {
    "lowoverlap": {
      "hit@1": 0.5541666666666667,
      "recall@1": 0.46041666666666664,
      "ndcg@1": 0.5541666666666667,
      "hit@3": 0.7416666666666667,
      "recall@3": 0.6875,
      "ndcg@3": 0.6252383732049295,
      "hit@5": 0.7916666666666666,
      "recall@5": 0.7416666666666667,
      "ndcg@5": 0.6489425769674744,
      "hit@10": 0.8375,
      "recall@10": 0.7979166666666667,
      "ndcg@10": 0.6692526478052325,
      "mrr": 0.6572420634920635
    }
  },
  "timing": {
    "chunk_s": 0.39,
    "index_s": 20.85,
    "query_s": 171.75,
    "q_per_s": 1.4
  }
}