{
  "config": {
    "chunker": "article",
    "retriever": "vector",
    "embedder": "kure-v1",
    "byeolpyo": "md",
    "rerank": true
  },
  "n_chunks": 3251,
  "n_questions": 240,
  "overall": {
    "hit@1": 0.6583333333333333,
    "recall@1": 0.5645833333333333,
    "ndcg@1": 0.6583333333333333,
    "hit@3": 0.8333333333333334,
    "recall@3": 0.7625,
    "ndcg@3": 0.7140403867475505,
    "hit@5": 0.8625,
    "recall@5": 0.8083333333333333,
    "ndcg@5": 0.7344084200615704,
    "hit@10": 0.8833333333333333,
    "recall@10": 0.8520833333333333,
    "ndcg@10": 0.7506702848019882,
    "mrr": 0.7479613095238095
  },
  "by_type": {
    "factoid": {
      "hit@1": 0.8166666666666667,
      "recall@1": 0.8166666666666667,
      "ndcg@1": 0.8166666666666667,
      "hit@3": 0.95,
      "recall@3": 0.95,
      "ndcg@3": 0.8942441461309548,
      "hit@5": 1.0,
      "recall@5": 1.0,
      "ndcg@5": 0.9150475781873103,
      "hit@10": 1.0,
      "recall@10": 1.0,
      "ndcg@10": 0.9150475781873103,
      "mrr": 0.8866666666666667
    },
    "crossref": {
      "hit@1": 0.38333333333333336,
      "recall@1": 0.38333333333333336,
      "ndcg@1": 0.38333333333333336,
      "hit@3": 0.5,
      "recall@3": 0.5,
      "ndcg@3": 0.45257747946428817,
      "hit@5": 0.55,
      "recall@5": 0.55,
      "ndcg@5": 0.4733809115206436,
      "hit@10": 0.5833333333333334,
      "recall@10": 0.5833333333333334,
      "ndcg@10": 0.48449202263175467,
      "mrr": 0.4525396825396825
    },
    "byeolpyo": {
      "hit@1": 0.6833333333333333,
      "recall@1": 0.6833333333333333,
      "ndcg@1": 0.6833333333333333,
      "hit@3": 0.9333333333333333,
      "recall@3": 0.9333333333333333,
      "ndcg@3": 0.8345192840476249,
      "hit@5": 0.95,
      "recall@5": 0.95,
      "ndcg@5": 0.8409668308348672,
      "hit@10": 1.0,
      "recall@10": 1.0,
      "ndcg@10": 0.8580981516848968,
      "mrr": 0.8109722222222222
    },
    "multihop": {
      "hit@1": 0.75,
      "recall@1": 0.375,
      "ndcg@1": 0.75,
      "hit@3": 0.95,
      "recall@3": 0.6666666666666666,
      "ndcg@3": 0.6748206373473347,
      "hit@5": 0.95,
      "recall@5": 0.7333333333333333,
      "ndcg@5": 0.7082383597034606,
      "hit@10": 0.95,
      "recall@10": 0.825,
      "ndcg@10": 0.7450433867039911,
      "mrr": 0.8416666666666667
    }
  },
  "by_register": {
    "formal": {
      "hit@1": 0.6428571428571429,
      "recall@1": 0.5357142857142857,
      "ndcg@1": 0.6428571428571429,
      "hit@3": 0.819047619047619,
      "recall@3": 0.7380952380952381,
      "ndcg@3": 0.6927471598033228,
      "hit@5": 0.8428571428571429,
      "recall@5": 0.780952380952381,
      "ndcg@5": 0.7121319151845457,
      "hit@10": 0.8666666666666667,
      "recall@10": 0.830952380952381,
      "ndcg@10": 0.7307169034593088,
      "mrr": 0.732828798185941
    },
    "colloquial": {
      "hit@1": 0.7666666666666667,
      "recall@1": 0.7666666666666667,
      "ndcg@1": 0.7666666666666667,
      "hit@3": 0.9333333333333333,
      "recall@3": 0.9333333333333333,
      "ndcg@3": 0.8630929753571458,
      "hit@5": 1.0,
      "recall@5": 1.0,
      "ndcg@5": 0.8903439542007435,
      "hit@10": 1.0,
      "recall@10": 1.0,
      "ndcg@10": 0.8903439542007435,
      "mrr": 0.8538888888888889
    }
  },
  "timing": {
    "chunk_s": 0.41,
    "index_s": 23.11,
    "query_s": 289.32,
    "q_per_s": 0.8
  }
}