{
  "config": {
    "chunker": "article",
    "retriever": "hybrid",
    "embedder": "kure-v1",
    "byeolpyo": "md",
    "rerank": false,
    "hype": "questions",
    "hyde": true,
    "reranker_model": null
  },
  "n_chunks": 3251,
  "n_questions": 240,
  "overall": {
    "hit@1": 0.4375,
    "recall@1": 0.3625,
    "ndcg@1": 0.4375,
    "hit@3": 0.625,
    "recall@3": 0.5604166666666667,
    "ndcg@3": 0.5062390969133422,
    "hit@5": 0.7,
    "recall@5": 0.64375,
    "ndcg@5": 0.5424336243513227,
    "hit@10": 0.7875,
    "recall@10": 0.74375,
    "ndcg@10": 0.5772130377941251,
    "mrr": 0.5510896164021164
  },
  "by_type": {
    "factoid": {
      "hit@1": 0.5333333333333333,
      "recall@1": 0.5333333333333333,
      "ndcg@1": 0.5333333333333333,
      "hit@3": 0.7,
      "recall@3": 0.7,
      "ndcg@3": 0.634123967142861,
      "hit@5": 0.7833333333333333,
      "recall@5": 0.7833333333333333,
      "ndcg@5": 0.6692832844683296,
      "hit@10": 0.8833333333333333,
      "recall@10": 0.8833333333333333,
      "ndcg@10": 0.7011832623253386,
      "mrr": 0.6440211640211639
    },
    "crossref": {
      "hit@1": 0.18333333333333332,
      "recall@1": 0.18333333333333332,
      "ndcg@1": 0.18333333333333332,
      "hit@3": 0.3333333333333333,
      "recall@3": 0.3333333333333333,
      "ndcg@3": 0.2736084712500034,
      "hit@5": 0.45,
      "recall@5": 0.45,
      "ndcg@5": 0.32166288214995664,
      "hit@10": 0.5166666666666667,
      "recall@10": 0.5166666666666667,
      "ndcg@10": 0.3443497585555418,
      "mrr": 0.28946428571428573
    },
    "byeolpyo": {
      "hit@1": 0.43333333333333335,
      "recall@1": 0.43333333333333335,
      "ndcg@1": 0.43333333333333335,
      "hit@3": 0.6333333333333333,
      "recall@3": 0.6333333333333333,
      "ndcg@3": 0.5486084712500034,
      "hit@5": 0.7,
      "recall@5": 0.7,
      "ndcg@5": 0.5758594500936012,
      "hit@10": 0.8166666666666667,
      "recall@10": 0.8166666666666667,
      "ndcg@10": 0.6136962144024106,
      "mrr": 0.5501322751322751
    },
    "multihop": {
      "hit@1": 0.6,
      "recall@1": 0.3,
      "ndcg@1": 0.6,
      "hit@3": 0.8333333333333334,
      "recall@3": 0.575,
      "ndcg@3": 0.568615478010501,
      "hit@5": 0.8666666666666667,
      "recall@5": 0.6416666666666667,
      "ndcg@5": 0.6029288806934033,
      "hit@10": 0.9333333333333333,
      "recall@10": 0.7583333333333333,
      "ndcg@10": 0.6496229158932095,
      "mrr": 0.7207407407407408
    }
  },
  "by_register": {
    "formal": {
      "hit@1": 0.43333333333333335,
      "recall@1": 0.3476190476190476,
      "ndcg@1": 0.43333333333333335,
      "hit@3": 0.6142857142857143,
      "recall@3": 0.5404761904761904,
      "ndcg@3": 0.4921082594825945,
      "hit@5": 0.6904761904761905,
      "recall@5": 0.6261904761904762,
      "ndcg@5": 0.5293717521919685,
      "hit@10": 0.7761904761904762,
      "recall@10": 0.7261904761904762,
      "ndcg@10": 0.5646134532261717,
      "mrr": 0.5438907785336357
    },
    "colloquial": {
      "hit@1": 0.4666666666666667,
      "recall@1": 0.4666666666666667,
      "ndcg@1": 0.4666666666666667,
      "hit@3": 0.7,
      "recall@3": 0.7,
      "ndcg@3": 0.6051549589285763,
      "hit@5": 0.7666666666666667,
      "recall@5": 0.7666666666666667,
      "ndcg@5": 0.6338667294668024,
      "hit@10": 0.8666666666666667,
      "recall@10": 0.8666666666666667,
      "ndcg@10": 0.6654101297697987,
      "mrr": 0.6014814814814815
    }
  },
  "timing": {
    "chunk_s": 0.4,
    "index_s": 3.94,
    "query_s": 17.1,
    "q_per_s": 14.0
  }
}