{
  "config": {
    "chunker": "article",
    "retriever": "hybrid",
    "embedder": "kure-v1",
    "byeolpyo": "md",
    "rerank": true,
    "hype": null,
    "hyde": false,
    "reranker_model": "Dongjin-kr/ko-reranker"
  },
  "n_chunks": 3251,
  "n_questions": 240,
  "overall": {
    "hit@1": 0.6125,
    "recall@1": 0.5270833333333333,
    "ndcg@1": 0.6125,
    "hit@3": 0.825,
    "recall@3": 0.7604166666666666,
    "ndcg@3": 0.6946191342651058,
    "hit@5": 0.8916666666666667,
    "recall@5": 0.8375,
    "ndcg@5": 0.7284666890858804,
    "hit@10": 0.9375,
    "recall@10": 0.9104166666666667,
    "ndcg@10": 0.7543135938521335,
    "mrr": 0.7285681216931217
  },
  "by_type": {
    "factoid": {
      "hit@1": 0.8333333333333334,
      "recall@1": 0.8333333333333334,
      "ndcg@1": 0.8333333333333334,
      "hit@3": 0.9833333333333333,
      "recall@3": 0.9833333333333333,
      "ndcg@3": 0.9214263086904791,
      "hit@5": 1.0,
      "recall@5": 1.0,
      "ndcg@5": 0.9286042513250357,
      "hit@10": 1.0,
      "recall@10": 1.0,
      "ndcg@10": 0.9286042513250357,
      "mrr": 0.9041666666666667
    },
    "crossref": {
      "hit@1": 0.4,
      "recall@1": 0.4,
      "ndcg@1": 0.4,
      "hit@3": 0.6333333333333333,
      "recall@3": 0.6333333333333333,
      "ndcg@3": 0.5297596420238124,
      "hit@5": 0.7833333333333333,
      "recall@5": 0.7833333333333333,
      "ndcg@5": 0.5936307298875072,
      "hit@10": 0.9166666666666666,
      "recall@10": 0.9166666666666666,
      "ndcg@10": 0.6368236302627704,
      "mrr": 0.5489947089947089
    },
    "byeolpyo": {
      "hit@1": 0.5333333333333333,
      "recall@1": 0.5333333333333333,
      "ndcg@1": 0.5333333333333333,
      "hit@3": 0.7666666666666667,
      "recall@3": 0.7666666666666667,
      "ndcg@3": 0.6740037881547672,
      "hit@5": 0.85,
      "recall@5": 0.85,
      "ndcg@5": 0.7084327096329216,
      "hit@10": 0.8833333333333333,
      "recall@10": 0.8833333333333333,
      "ndcg@10": 0.7191872431900201,
      "mrr": 0.6652777777777777
    },
    "multihop": {
      "hit@1": 0.6833333333333333,
      "recall@1": 0.3416666666666667,
      "ndcg@1": 0.6833333333333333,
      "hit@3": 0.9166666666666666,
      "recall@3": 0.6583333333333333,
      "ndcg@3": 0.6532867981913646,
      "hit@5": 0.9333333333333333,
      "recall@5": 0.7166666666666667,
      "ndcg@5": 0.683199065498057,
      "hit@10": 0.95,
      "recall@10": 0.8416666666666667,
      "ndcg@10": 0.7326392506307075,
      "mrr": 0.7958333333333333
    }
  },
  "by_register": {
    "formal": {
      "hit@1": 0.5904761904761905,
      "recall@1": 0.4928571428571429,
      "ndcg@1": 0.5904761904761905,
      "hit@3": 0.8047619047619048,
      "recall@3": 0.7309523809523809,
      "ndcg@3": 0.6675470152825694,
      "hit@5": 0.8761904761904762,
      "recall@5": 0.8142857142857143,
      "ndcg@5": 0.7041790943250098,
      "hit@10": 0.9285714285714286,
      "recall@10": 0.8976190476190476,
      "ndcg@10": 0.7337184140578705,
      "mrr": 0.7092365835222978
    },
    "colloquial": {
      "hit@1": 0.7666666666666667,
      "recall@1": 0.7666666666666667,
      "ndcg@1": 0.7666666666666667,
      "hit@3": 0.9666666666666667,
      "recall@3": 0.9666666666666667,
      "ndcg@3": 0.884123967142861,
      "hit@5": 1.0,
      "recall@5": 1.0,
      "ndcg@5": 0.8984798524119741,
      "hit@10": 1.0,
      "recall@10": 1.0,
      "ndcg@10": 0.8984798524119741,
      "mrr": 0.8638888888888889
    }
  },
  "timing": {
    "chunk_s": 0.43,
    "index_s": 37.98,
    "query_s": 46.59,
    "q_per_s": 5.2
  }
}