{
  "config": {
    "chunker": "article",
    "retriever": "bm25",
    "embedder": "kure-v1",
    "byeolpyo": "md",
    "rerank": false,
    "hyde": false
  },
  "n_chunks": 3251,
  "n_questions": 240,
  "overall": {
    "hit@1": 0.2791666666666667,
    "recall@1": 0.22916666666666666,
    "ndcg@1": 0.2791666666666667,
    "hit@3": 0.4791666666666667,
    "recall@3": 0.42916666666666664,
    "ndcg@3": 0.3631939519768768,
    "hit@5": 0.5666666666666667,
    "recall@5": 0.5104166666666666,
    "ndcg@5": 0.39781103760630077,
    "hit@10": 0.6458333333333334,
    "recall@10": 0.6041666666666666,
    "ndcg@10": 0.4301859724683403,
    "mrr": 0.396521164021164
  },
  "by_type": {
    "factoid": {
      "hit@1": 0.26666666666666666,
      "recall@1": 0.26666666666666666,
      "ndcg@1": 0.26666666666666666,
      "hit@3": 0.43333333333333335,
      "recall@3": 0.43333333333333335,
      "ndcg@3": 0.3609108127976215,
      "hit@5": 0.4666666666666667,
      "recall@5": 0.4666666666666667,
      "ndcg@5": 0.3738059063721062,
      "hit@10": 0.6333333333333333,
      "recall@10": 0.6333333333333333,
      "ndcg@10": 0.427573072585113,
      "mrr": 0.3648478835978836
    },
    "crossref": {
      "hit@1": 0.18333333333333332,
      "recall@1": 0.18333333333333332,
      "ndcg@1": 0.18333333333333332,
      "hit@3": 0.43333333333333335,
      "recall@3": 0.43333333333333335,
      "ndcg@3": 0.3279727963690519,
      "hit@5": 0.5833333333333334,
      "recall@5": 0.5833333333333334,
      "ndcg@5": 0.38892230084348994,
      "hit@10": 0.65,
      "recall@10": 0.65,
      "ndcg@10": 0.4110707882879192,
      "mrr": 0.3344907407407407
    },
    "byeolpyo": {
      "hit@1": 0.26666666666666666,
      "recall@1": 0.26666666666666666,
      "ndcg@1": 0.26666666666666666,
      "hit@3": 0.45,
      "recall@3": 0.45,
      "ndcg@3": 0.3692441461309548,
      "hit@5": 0.5333333333333333,
      "recall@5": 0.5333333333333333,
      "ndcg@5": 0.40440346345642336,
      "hit@10": 0.5833333333333334,
      "recall@10": 0.5833333333333334,
      "ndcg@10": 0.42145136101933484,
      "mrr": 0.3692063492063492
    },
    "multihop": {
      "hit@1": 0.4,
      "recall@1": 0.2,
      "ndcg@1": 0.4,
      "hit@3": 0.6,
      "recall@3": 0.4,
      "ndcg@3": 0.3946480526098792,
      "hit@5": 0.6833333333333333,
      "recall@5": 0.4583333333333333,
      "ndcg@5": 0.42411247975318334,
      "hit@10": 0.7166666666666667,
      "recall@10": 0.55,
      "ndcg@10": 0.4606486679809941,
      "mrr": 0.5175396825396825
    }
  },
  "by_register": {
    "lowoverlap": {
      "hit@1": 0.2791666666666667,
      "recall@1": 0.22916666666666666,
      "ndcg@1": 0.2791666666666667,
      "hit@3": 0.4791666666666667,
      "recall@3": 0.42916666666666664,
      "ndcg@3": 0.3631939519768768,
      "hit@5": 0.5666666666666667,
      "recall@5": 0.5104166666666666,
      "ndcg@5": 0.39781103760630077,
      "hit@10": 0.6458333333333334,
      "recall@10": 0.6041666666666666,
      "ndcg@10": 0.4301859724683403,
      "mrr": 0.396521164021164
    }
  },
  "timing": {
    "chunk_s": 0.39,
    "index_s": 0.5,
    "query_s": 4.91,
    "q_per_s": 48.9
  }
}