{
  "config": {
    "chunker": "article",
    "retriever": "hybrid",
    "embedder": "kure-v1",
    "byeolpyo": "md",
    "rerank": true,
    "hype": null,
    "hyde": false,
    "reranker_model": "Dongjin-kr/ko-reranker"
  },
  "n_chunks": 3251,
  "n_questions": 103,
  "overall": {
    "hit@1": 0.7669902912621359,
    "recall@1": 0.3730535613679456,
    "ndcg@1": 0.7669902912621359,
    "hit@3": 0.9029126213592233,
    "recall@3": 0.6192945138237678,
    "ndcg@3": 0.7499690542697963,
    "hit@5": 0.912621359223301,
    "recall@5": 0.668886379971587,
    "ndcg@5": 0.7419697386550791,
    "hit@10": 0.9223300970873787,
    "recall@10": 0.7100717860745965,
    "ndcg@10": 0.7280236339639116,
    "mrr": 0.8325242718446602
  },
  "by_type": {
    "loc_single": {
      "hit@1": 0.675,
      "recall@1": 0.675,
      "ndcg@1": 0.675,
      "hit@3": 0.875,
      "recall@3": 0.875,
      "ndcg@3": 0.7913662191964322,
      "hit@5": 0.875,
      "recall@5": 0.875,
      "ndcg@5": 0.7913662191964322,
      "hit@10": 0.875,
      "recall@10": 0.875,
      "ndcg@10": 0.7913662191964322,
      "mrr": 0.7625
    },
    "loc_range": {
      "hit@1": 0.5652173913043478,
      "recall@1": 0.1427536231884058,
      "ndcg@1": 0.5652173913043478,
      "hit@3": 0.782608695652174,
      "recall@3": 0.3365942028985507,
      "ndcg@3": 0.47607340351530786,
      "hit@5": 0.8260869565217391,
      "recall@5": 0.3561594202898551,
      "ndcg@5": 0.4240014203655061,
      "hit@10": 0.8695652173913043,
      "recall@10": 0.40652173913043477,
      "ndcg@10": 0.4396951593445219,
      "mrr": 0.6847826086956522
    },
    "loc_ambig": {
      "hit@1": 0.975,
      "recall@1": 0.20352958718912664,
      "ndcg@1": 0.975,
      "hit@3": 1.0,
      "recall@3": 0.5261417064295354,
      "ndcg@3": 0.8660618885269912,
      "hit@5": 1.0,
      "recall@5": 0.6425907617601696,
      "ndcg@5": 0.8754050411302305,
      "hit@10": 1.0,
      "recall@10": 0.719684849142086,
      "ndcg@10": 0.8304699216375401,
      "mrr": 0.9875
    }
  },
  "by_register": {
    "locator": {
      "hit@1": 0.7669902912621359,
      "recall@1": 0.3730535613679456,
      "ndcg@1": 0.7669902912621359,
      "hit@3": 0.9029126213592233,
      "recall@3": 0.6192945138237678,
      "ndcg@3": 0.7499690542697963,
      "hit@5": 0.912621359223301,
      "recall@5": 0.668886379971587,
      "ndcg@5": 0.7419697386550791,
      "hit@10": 0.9223300970873787,
      "recall@10": 0.7100717860745965,
      "ndcg@10": 0.7280236339639116,
      "mrr": 0.8325242718446602
    }
  },
  "timing": {
    "chunk_s": 0.42,
    "index_s": 21.45,
    "query_s": 14.26,
    "q_per_s": 7.2
  }
}