{
  "config": {
    "chunker": "article",
    "retriever": "hybrid",
    "embedder": "kure-v1",
    "byeolpyo": "md",
    "rerank": true,
    "hype": null,
    "hyde": false,
    "reranker_model": "BAAI/bge-reranker-large"
  },
  "n_chunks": 3251,
  "n_questions": 240,
  "overall": {
    "hit@1": 0.5916666666666667,
    "recall@1": 0.50625,
    "ndcg@1": 0.5916666666666667,
    "hit@3": 0.7916666666666666,
    "recall@3": 0.7270833333333333,
    "ndcg@3": 0.6646352861679574,
    "hit@5": 0.8458333333333333,
    "recall@5": 0.7979166666666667,
    "ndcg@5": 0.6958106805255638,
    "hit@10": 0.9,
    "recall@10": 0.8645833333333334,
    "ndcg@10": 0.7188347611256951,
    "mrr": 0.6992625661375661
  },
  "by_type": {
    "factoid": {
      "hit@1": 0.7833333333333333,
      "recall@1": 0.7833333333333333,
      "ndcg@1": 0.7833333333333333,
      "hit@3": 0.9333333333333333,
      "recall@3": 0.9333333333333333,
      "ndcg@3": 0.8757906338095277,
      "hit@5": 1.0,
      "recall@5": 1.0,
      "ndcg@5": 0.9030416126531254,
      "hit@10": 1.0,
      "recall@10": 1.0,
      "ndcg@10": 0.9030416126531254,
      "mrr": 0.8705555555555555
    },
    "crossref": {
      "hit@1": 0.35,
      "recall@1": 0.35,
      "ndcg@1": 0.35,
      "hit@3": 0.5333333333333333,
      "recall@3": 0.5333333333333333,
      "ndcg@3": 0.44821315434523956,
      "hit@5": 0.6166666666666667,
      "recall@5": 0.6166666666666667,
      "ndcg@5": 0.4826420758233939,
      "hit@10": 0.7666666666666667,
      "recall@10": 0.7666666666666667,
      "ndcg@10": 0.53123491737709,
      "mrr": 0.4586970899470899
    },
    "byeolpyo": {
      "hit@1": 0.55,
      "recall@1": 0.55,
      "ndcg@1": 0.55,
      "hit@3": 0.8,
      "recall@3": 0.8,
      "ndcg@3": 0.696821625595243,
      "hit@5": 0.8333333333333334,
      "recall@5": 0.8333333333333334,
      "ndcg@5": 0.7097167191697277,
      "hit@10": 0.8833333333333333,
      "recall@10": 0.8833333333333333,
      "ndcg@10": 0.7264668091235124,
      "mrr": 0.6750198412698413
    },
    "multihop": {
      "hit@1": 0.6833333333333333,
      "recall@1": 0.3416666666666667,
      "ndcg@1": 0.6833333333333333,
      "hit@3": 0.9,
      "recall@3": 0.6416666666666667,
      "ndcg@3": 0.6377157309218194,
      "hit@5": 0.9333333333333333,
      "recall@5": 0.7416666666666667,
      "ndcg@5": 0.6878423144560082,
      "hit@10": 0.95,
      "recall@10": 0.8083333333333333,
      "ndcg@10": 0.7145957053490527,
      "mrr": 0.7927777777777778
    }
  },
  "by_register": {
    "formal": {
      "hit@1": 0.5666666666666667,
      "recall@1": 0.46904761904761905,
      "ndcg@1": 0.5666666666666667,
      "hit@3": 0.7761904761904762,
      "recall@3": 0.7023809523809523,
      "ndcg@3": 0.6386651400933114,
      "hit@5": 0.8238095238095238,
      "recall@5": 0.7690476190476191,
      "ndcg@5": 0.6683503244859029,
      "hit@10": 0.8857142857142857,
      "recall@10": 0.8452380952380952,
      "ndcg@10": 0.6946635594574816,
      "mrr": 0.6775699168556311
    },
    "colloquial": {
      "hit@1": 0.7666666666666667,
      "recall@1": 0.7666666666666667,
      "ndcg@1": 0.7666666666666667,
      "hit@3": 0.9,
      "recall@3": 0.9,
      "ndcg@3": 0.8464263086904791,
      "hit@5": 1.0,
      "recall@5": 1.0,
      "ndcg@5": 0.88803317280319,
      "hit@10": 1.0,
      "recall@10": 1.0,
      "ndcg@10": 0.88803317280319,
      "mrr": 0.8511111111111112
    }
  },
  "timing": {
    "chunk_s": 0.42,
    "index_s": 21.75,
    "query_s": 38.89,
    "q_per_s": 6.2
  }
}