{
  "config": {
    "chunker": "article",
    "retriever": "vector",
    "embedder": "koe5",
    "byeolpyo": "md"
  },
  "n_chunks": 3251,
  "n_questions": 240,
  "overall": {
    "hit@1": 0.5333333333333333,
    "recall@1": 0.4625,
    "ndcg@1": 0.5333333333333333,
    "hit@3": 0.7,
    "recall@3": 0.6375,
    "ndcg@3": 0.5861509984006724,
    "hit@5": 0.7791666666666667,
    "recall@5": 0.7104166666666667,
    "ndcg@5": 0.6191268806204158,
    "hit@10": 0.8375,
    "recall@10": 0.7854166666666667,
    "ndcg@10": 0.6457701148792518,
    "mrr": 0.6298875661375661
  },
  "by_type": {
    "factoid": {
      "hit@1": 0.75,
      "recall@1": 0.75,
      "ndcg@1": 0.75,
      "hit@3": 0.9333333333333333,
      "recall@3": 0.9333333333333333,
      "ndcg@3": 0.8547596420238125,
      "hit@5": 0.9666666666666667,
      "recall@5": 0.9666666666666667,
      "ndcg@5": 0.8683851314456114,
      "hit@10": 1.0,
      "recall@10": 1.0,
      "ndcg@10": 0.8793390844918113,
      "mrr": 0.8399074074074074
    },
    "crossref": {
      "hit@1": 0.23333333333333334,
      "recall@1": 0.23333333333333334,
      "ndcg@1": 0.23333333333333334,
      "hit@3": 0.3333333333333333,
      "recall@3": 0.3333333333333333,
      "ndcg@3": 0.28987982101190624,
      "hit@5": 0.4166666666666667,
      "recall@5": 0.4166666666666667,
      "ndcg@5": 0.3228479507954322,
      "hit@10": 0.5,
      "recall@10": 0.5,
      "ndcg@10": 0.3492335349598132,
      "mrr": 0.30307539682539686
    },
    "byeolpyo": {
      "hit@1": 0.5833333333333334,
      "recall@1": 0.5833333333333334,
      "ndcg@1": 0.5833333333333334,
      "hit@3": 0.7833333333333333,
      "recall@3": 0.7833333333333333,
      "ndcg@3": 0.6942441461309549,
      "hit@5": 0.8166666666666667,
      "recall@5": 0.8166666666666667,
      "ndcg@5": 0.7078696355527537,
      "hit@10": 0.8833333333333333,
      "recall@10": 0.8833333333333333,
      "ndcg@10": 0.7305565119583388,
      "mrr": 0.68140873015873
    },
    "multihop": {
      "hit@1": 0.5666666666666667,
      "recall@1": 0.2833333333333333,
      "ndcg@1": 0.5666666666666667,
      "hit@3": 0.75,
      "recall@3": 0.5,
      "ndcg@3": 0.5057203844360163,
      "hit@5": 0.9166666666666666,
      "recall@5": 0.6416666666666667,
      "ndcg@5": 0.577404804687866,
      "hit@10": 0.9666666666666667,
      "recall@10": 0.7583333333333333,
      "ndcg@10": 0.6239513281070439,
      "mrr": 0.6951587301587302
    }
  },
  "by_register": {
    "formal": {
      "hit@1": 0.5190476190476191,
      "recall@1": 0.4380952380952381,
      "ndcg@1": 0.5190476190476191,
      "hit@3": 0.6666666666666666,
      "recall@3": 0.5952380952380952,
      "ndcg@3": 0.5554881933422645,
      "hit@5": 0.7523809523809524,
      "recall@5": 0.6738095238095239,
      "ndcg@5": 0.5913327596541877,
      "hit@10": 0.8142857142857143,
      "recall@10": 0.7547619047619047,
      "ndcg@10": 0.6203486940658861,
      "mrr": 0.610453514739229
    },
    "colloquial": {
      "hit@1": 0.6333333333333333,
      "recall@1": 0.6333333333333333,
      "ndcg@1": 0.6333333333333333,
      "hit@3": 0.9333333333333333,
      "recall@3": 0.9333333333333333,
      "ndcg@3": 0.8007906338095278,
      "hit@5": 0.9666666666666667,
      "recall@5": 0.9666666666666667,
      "ndcg@5": 0.8136857273840123,
      "hit@10": 1.0,
      "recall@10": 1.0,
      "ndcg@10": 0.8237200605728118,
      "mrr": 0.7659259259259259
    }
  },
  "timing": {
    "chunk_s": 0.42,
    "index_s": 6.41,
    "query_s": 4.32,
    "q_per_s": 55.5
  }
}