{
  "config": {
    "chunker": "article",
    "retriever": "hybrid",
    "embedder": "kure-v1",
    "byeolpyo": "md",
    "rerank": true,
    "hyde": true
  },
  "n_chunks": 3251,
  "n_questions": 240,
  "overall": {
    "hit@1": 0.65,
    "recall@1": 0.55625,
    "ndcg@1": 0.65,
    "hit@3": 0.8208333333333333,
    "recall@3": 0.75625,
    "ndcg@3": 0.7071954873271439,
    "hit@5": 0.8666666666666667,
    "recall@5": 0.8125,
    "ndcg@5": 0.7315934558902185,
    "hit@10": 0.8958333333333334,
    "recall@10": 0.8625,
    "ndcg@10": 0.7496708597513551,
    "mrr": 0.7427595899470899
  },
  "by_type": {
    "factoid": {
      "hit@1": 0.7666666666666667,
      "recall@1": 0.7666666666666667,
      "ndcg@1": 0.7666666666666667,
      "hit@3": 0.9,
      "recall@3": 0.9,
      "ndcg@3": 0.8442441461309548,
      "hit@5": 0.95,
      "recall@5": 0.95,
      "ndcg@5": 0.8650475781873103,
      "hit@10": 0.95,
      "recall@10": 0.95,
      "ndcg@10": 0.8650475781873103,
      "mrr": 0.8366666666666667
    },
    "crossref": {
      "hit@1": 0.4166666666666667,
      "recall@1": 0.4166666666666667,
      "ndcg@1": 0.4166666666666667,
      "hit@3": 0.5666666666666667,
      "recall@3": 0.5666666666666667,
      "ndcg@3": 0.5047596420238124,
      "hit@5": 0.6666666666666666,
      "recall@5": 0.6666666666666666,
      "ndcg@5": 0.5456361102892091,
      "hit@10": 0.7333333333333333,
      "recall@10": 0.7333333333333333,
      "ndcg@10": 0.5669633659962628,
      "mrr": 0.514510582010582
    },
    "byeolpyo": {
      "hit@1": 0.6666666666666666,
      "recall@1": 0.6666666666666666,
      "ndcg@1": 0.6666666666666666,
      "hit@3": 0.8833333333333333,
      "recall@3": 0.8833333333333333,
      "ndcg@3": 0.8011859507142916,
      "hit@5": 0.9,
      "recall@5": 0.9,
      "ndcg@5": 0.8076334975015339,
      "hit@10": 0.95,
      "recall@10": 0.95,
      "ndcg@10": 0.8247648183515633,
      "mrr": 0.7831944444444444
    },
    "multihop": {
      "hit@1": 0.75,
      "recall@1": 0.375,
      "ndcg@1": 0.75,
      "hit@3": 0.9333333333333333,
      "recall@3": 0.675,
      "ndcg@3": 0.6785922104395167,
      "hit@5": 0.95,
      "recall@5": 0.7333333333333333,
      "ndcg@5": 0.7080566375828209,
      "hit@10": 0.95,
      "recall@10": 0.8166666666666667,
      "ndcg@10": 0.741907676470284,
      "mrr": 0.8366666666666667
    }
  },
  "by_register": {
    "formal": {
      "hit@1": 0.6428571428571429,
      "recall@1": 0.5357142857142857,
      "ndcg@1": 0.6428571428571429,
      "hit@3": 0.8142857142857143,
      "recall@3": 0.7404761904761905,
      "ndcg@3": 0.6944482271323816,
      "hit@5": 0.8571428571428571,
      "recall@5": 0.7952380952380952,
      "ndcg@5": 0.7184386227982388,
      "hit@10": 0.8904761904761904,
      "recall@10": 0.8523809523809524,
      "ndcg@10": 0.7390985129252521,
      "mrr": 0.7364077853363569
    },
    "colloquial": {
      "hit@1": 0.7,
      "recall@1": 0.7,
      "ndcg@1": 0.7,
      "hit@3": 0.8666666666666667,
      "recall@3": 0.8666666666666667,
      "ndcg@3": 0.7964263086904791,
      "hit@5": 0.9333333333333333,
      "recall@5": 0.9333333333333333,
      "ndcg@5": 0.8236772875340769,
      "hit@10": 0.9333333333333333,
      "recall@10": 0.9333333333333333,
      "ndcg@10": 0.8236772875340769,
      "mrr": 0.7872222222222223
    }
  },
  "timing": {
    "chunk_s": 0.39,
    "index_s": 21.81,
    "query_s": 178.98,
    "q_per_s": 1.3
  }
}