{
  "config": {
    "chunker": "article",
    "retriever": "bm25",
    "embedder": "kure-v1",
    "byeolpyo": "md",
    "rerank": false,
    "hype": "questions",
    "hyde": true
  },
  "n_chunks": 3251,
  "n_questions": 240,
  "overall": {
    "hit@1": 0.425,
    "recall@1": 0.35625,
    "ndcg@1": 0.425,
    "hit@3": 0.5666666666666667,
    "recall@3": 0.50625,
    "ndcg@3": 0.4678971802600278,
    "hit@5": 0.6208333333333333,
    "recall@5": 0.5625,
    "ndcg@5": 0.4935431497266727,
    "hit@10": 0.7125,
    "recall@10": 0.6645833333333333,
    "ndcg@10": 0.5294922147245258,
    "mrr": 0.5148776455026455
  },
  "by_type": {
    "factoid": {
      "hit@1": 0.5833333333333334,
      "recall@1": 0.5833333333333334,
      "ndcg@1": 0.5833333333333334,
      "hit@3": 0.6833333333333333,
      "recall@3": 0.6833333333333333,
      "ndcg@3": 0.6442441461309548,
      "hit@5": 0.75,
      "recall@5": 0.75,
      "ndcg@5": 0.6722255208218668,
      "hit@10": 0.8166666666666667,
      "recall@10": 0.8166666666666667,
      "ndcg@10": 0.6948289739403338,
      "mrr": 0.6563095238095238
    },
    "crossref": {
      "hit@1": 0.15,
      "recall@1": 0.15,
      "ndcg@1": 0.15,
      "hit@3": 0.3,
      "recall@3": 0.3,
      "ndcg@3": 0.23809297535714574,
      "hit@5": 0.3,
      "recall@5": 0.3,
      "ndcg@5": 0.23809297535714574,
      "hit@10": 0.38333333333333336,
      "recall@10": 0.38333333333333336,
      "ndcg@10": 0.2644373976585992,
      "mrr": 0.2271957671957672
    },
    "byeolpyo": {
      "hit@1": 0.4166666666666667,
      "recall@1": 0.4166666666666667,
      "ndcg@1": 0.4166666666666667,
      "hit@3": 0.55,
      "recall@3": 0.55,
      "ndcg@3": 0.4964263086904791,
      "hit@5": 0.6166666666666667,
      "recall@5": 0.6166666666666667,
      "ndcg@5": 0.5244076833813911,
      "hit@10": 0.7666666666666667,
      "recall@10": 0.7666666666666667,
      "ndcg@10": 0.5752370599403034,
      "mrr": 0.5159656084656085
    },
    "multihop": {
      "hit@1": 0.55,
      "recall@1": 0.275,
      "ndcg@1": 0.55,
      "hit@3": 0.7333333333333333,
      "recall@3": 0.49166666666666664,
      "ndcg@3": 0.49282529086153165,
      "hit@5": 0.8166666666666667,
      "recall@5": 0.5833333333333334,
      "ndcg@5": 0.539446419346287,
      "hit@10": 0.8833333333333333,
      "recall@10": 0.6916666666666667,
      "ndcg@10": 0.5834654273588666,
      "mrr": 0.6600396825396826
    }
  },
  "by_register": {
    "formal": {
      "hit@1": 0.4095238095238095,
      "recall@1": 0.33095238095238094,
      "ndcg@1": 0.4095238095238095,
      "hit@3": 0.5523809523809524,
      "recall@3": 0.48333333333333334,
      "ndcg@3": 0.4471549238175824,
      "hit@5": 0.6095238095238096,
      "recall@5": 0.5428571428571428,
      "ndcg@5": 0.4744137624553032,
      "hit@10": 0.7,
      "recall@10": 0.6452380952380953,
      "ndcg@10": 0.5107365034052306,
      "mrr": 0.5002796674225246
    },
    "colloquial": {
      "hit@1": 0.5333333333333333,
      "recall@1": 0.5333333333333333,
      "ndcg@1": 0.5333333333333333,
      "hit@3": 0.6666666666666666,
      "recall@3": 0.6666666666666666,
      "ndcg@3": 0.6130929753571458,
      "hit@5": 0.7,
      "recall@5": 0.7,
      "ndcg@5": 0.6274488606262589,
      "hit@10": 0.8,
      "recall@10": 0.8,
      "ndcg@10": 0.6607821939595923,
      "mrr": 0.6170634920634921
    }
  },
  "timing": {
    "chunk_s": 0.43,
    "index_s": 6.5,
    "query_s": 4.58,
    "q_per_s": 52.4
  }
}