{
  "config": {
    "chunker": "article",
    "retriever": "bm25",
    "embedder": "kure-v1",
    "byeolpyo": "md",
    "rerank": false,
    "hype": "questions",
    "hyde": true,
    "reranker_model": null
  },
  "n_chunks": 3251,
  "n_questions": 240,
  "overall": {
    "hit@1": 0.25416666666666665,
    "recall@1": 0.20416666666666666,
    "ndcg@1": 0.25416666666666665,
    "hit@3": 0.4708333333333333,
    "recall@3": 0.4083333333333333,
    "ndcg@3": 0.34006861210603095,
    "hit@5": 0.5541666666666667,
    "recall@5": 0.4895833333333333,
    "ndcg@5": 0.37556893772942473,
    "hit@10": 0.6625,
    "recall@10": 0.6083333333333333,
    "ndcg@10": 0.41585517738945305,
    "mrr": 0.38210813492063495
  },
  "by_type": {
    "factoid": {
      "hit@1": 0.23333333333333334,
      "recall@1": 0.23333333333333334,
      "ndcg@1": 0.23333333333333334,
      "hit@3": 0.48333333333333334,
      "recall@3": 0.48333333333333334,
      "ndcg@3": 0.3823371214881005,
      "hit@5": 0.55,
      "recall@5": 0.55,
      "ndcg@5": 0.41031849617901256,
      "hit@10": 0.7333333333333333,
      "recall@10": 0.7333333333333333,
      "ndcg@10": 0.4696658712898072,
      "mrr": 0.38758597883597884
    },
    "crossref": {
      "hit@1": 0.23333333333333334,
      "recall@1": 0.23333333333333334,
      "ndcg@1": 0.23333333333333334,
      "hit@3": 0.48333333333333334,
      "recall@3": 0.48333333333333334,
      "ndcg@3": 0.38015495892857626,
      "hit@5": 0.5833333333333334,
      "recall@5": 0.5833333333333334,
      "ndcg@5": 0.4203010313466588,
      "hit@10": 0.6833333333333333,
      "recall@10": 0.6833333333333333,
      "ndcg@10": 0.4528228214519417,
      "mrr": 0.37964947089947093
    },
    "byeolpyo": {
      "hit@1": 0.15,
      "recall@1": 0.15,
      "ndcg@1": 0.15,
      "hit@3": 0.2833333333333333,
      "recall@3": 0.2833333333333333,
      "ndcg@3": 0.22539531690476386,
      "hit@5": 0.36666666666666664,
      "recall@5": 0.36666666666666664,
      "ndcg@5": 0.2605546342302324,
      "hit@10": 0.45,
      "recall@10": 0.45,
      "ndcg@10": 0.28781867638908654,
      "mrr": 0.237010582010582
    },
    "multihop": {
      "hit@1": 0.4,
      "recall@1": 0.2,
      "ndcg@1": 0.4,
      "hit@3": 0.6333333333333333,
      "recall@3": 0.38333333333333336,
      "ndcg@3": 0.372387051102683,
      "hit@5": 0.7166666666666667,
      "recall@5": 0.4583333333333333,
      "ndcg@5": 0.4111015891617952,
      "hit@10": 0.7833333333333333,
      "recall@10": 0.5666666666666667,
      "ndcg@10": 0.4531133404269767,
      "mrr": 0.5241865079365079
    }
  },
  "by_register": {
    "lowoverlap": {
      "hit@1": 0.25416666666666665,
      "recall@1": 0.20416666666666666,
      "ndcg@1": 0.25416666666666665,
      "hit@3": 0.4708333333333333,
      "recall@3": 0.4083333333333333,
      "ndcg@3": 0.34006861210603095,
      "hit@5": 0.5541666666666667,
      "recall@5": 0.4895833333333333,
      "ndcg@5": 0.37556893772942473,
      "hit@10": 0.6625,
      "recall@10": 0.6083333333333333,
      "ndcg@10": 0.41585517738945305,
      "mrr": 0.38210813492063495
    }
  },
  "timing": {
    "chunk_s": 0.49,
    "index_s": 3.55,
    "query_s": 2.49,
    "q_per_s": 96.3
  }
}