{
  "config": {
    "chunker": "article",
    "retriever": "hybrid",
    "embedder": "kure-v1",
    "byeolpyo": "md",
    "rerank": true,
    "hype": "questions",
    "hyde": true,
    "reranker_model": null
  },
  "n_chunks": 3251,
  "n_questions": 240,
  "overall": {
    "hit@1": 0.6458333333333334,
    "recall@1": 0.5520833333333334,
    "ndcg@1": 0.6458333333333334,
    "hit@3": 0.8208333333333333,
    "recall@3": 0.7604166666666666,
    "ndcg@3": 0.7060303120440233,
    "hit@5": 0.8666666666666667,
    "recall@5": 0.8145833333333333,
    "ndcg@5": 0.7297340787925114,
    "hit@10": 0.9083333333333333,
    "recall@10": 0.875,
    "ndcg@10": 0.7508248026920511,
    "mrr": 0.7396676587301587
  },
  "by_type": {
    "factoid": {
      "hit@1": 0.75,
      "recall@1": 0.75,
      "ndcg@1": 0.75,
      "hit@3": 0.8833333333333333,
      "recall@3": 0.8833333333333333,
      "ndcg@3": 0.8275774794642882,
      "hit@5": 0.9333333333333333,
      "recall@5": 0.9333333333333333,
      "ndcg@5": 0.8483809115206437,
      "hit@10": 0.9333333333333333,
      "recall@10": 0.9333333333333333,
      "ndcg@10": 0.8483809115206437,
      "mrr": 0.8200000000000001
    },
    "crossref": {
      "hit@1": 0.43333333333333335,
      "recall@1": 0.43333333333333335,
      "ndcg@1": 0.43333333333333335,
      "hit@3": 0.6,
      "recall@3": 0.6,
      "ndcg@3": 0.5253953169047638,
      "hit@5": 0.6833333333333333,
      "recall@5": 0.6833333333333333,
      "ndcg@5": 0.559093842535604,
      "hit@10": 0.8,
      "recall@10": 0.8,
      "ndcg@10": 0.5961505369699654,
      "mrr": 0.5332539682539682
    },
    "byeolpyo": {
      "hit@1": 0.65,
      "recall@1": 0.65,
      "ndcg@1": 0.65,
      "hit@3": 0.8666666666666667,
      "recall@3": 0.8666666666666667,
      "ndcg@3": 0.7823371214881006,
      "hit@5": 0.8833333333333333,
      "recall@5": 0.8833333333333333,
      "ndcg@5": 0.7887846682753429,
      "hit@10": 0.9333333333333333,
      "recall@10": 0.9333333333333333,
      "ndcg@10": 0.8059159891253724,
      "mrr": 0.76375
    },
    "multihop": {
      "hit@1": 0.75,
      "recall@1": 0.375,
      "ndcg@1": 0.75,
      "hit@3": 0.9333333333333333,
      "recall@3": 0.6916666666666667,
      "ndcg@3": 0.688811330318941,
      "hit@5": 0.9666666666666667,
      "recall@5": 0.7583333333333333,
      "ndcg@5": 0.722676892838455,
      "hit@10": 0.9666666666666667,
      "recall@10": 0.8333333333333334,
      "ndcg@10": 0.752851773152223,
      "mrr": 0.8416666666666667
    }
  },
  "by_register": {
    "formal": {
      "hit@1": 0.6428571428571429,
      "recall@1": 0.5357142857142857,
      "ndcg@1": 0.6428571428571429,
      "hit@3": 0.819047619047619,
      "recall@3": 0.75,
      "ndcg@3": 0.6978785029992916,
      "hit@5": 0.861904761904762,
      "recall@5": 0.8023809523809524,
      "ndcg@5": 0.721075525162764,
      "hit@10": 0.9095238095238095,
      "recall@10": 0.8714285714285714,
      "ndcg@10": 0.7451792096193809,
      "mrr": 0.7376360544217687
    },
    "colloquial": {
      "hit@1": 0.6666666666666666,
      "recall@1": 0.6666666666666666,
      "ndcg@1": 0.6666666666666666,
      "hit@3": 0.8333333333333334,
      "recall@3": 0.8333333333333334,
      "ndcg@3": 0.7630929753571458,
      "hit@5": 0.9,
      "recall@5": 0.9,
      "ndcg@5": 0.7903439542007435,
      "hit@10": 0.9,
      "recall@10": 0.9,
      "ndcg@10": 0.7903439542007435,
      "mrr": 0.7538888888888889
    }
  },
  "timing": {
    "chunk_s": 0.39,
    "index_s": 9.82,
    "query_s": 179.98,
    "q_per_s": 1.3
  }
}