{
  "config": {
    "chunker": "article",
    "retriever": "hybrid",
    "embedder": "kure-v1",
    "byeolpyo": "md",
    "rerank": true,
    "hype": null,
    "hyde": false,
    "reranker_model": "BAAI/bge-reranker-large"
  },
  "n_chunks": 3251,
  "n_questions": 103,
  "overall": {
    "hit@1": 0.7475728155339806,
    "recall@1": 0.3600276714003081,
    "ndcg@1": 0.7475728155339806,
    "hit@3": 0.8737864077669902,
    "recall@3": 0.5852032176220986,
    "ndcg@3": 0.7366030353825205,
    "hit@5": 0.912621359223301,
    "recall@5": 0.6658941626845306,
    "ndcg@5": 0.7352266928544725,
    "hit@10": 0.912621359223301,
    "recall@10": 0.7079695364250806,
    "ndcg@10": 0.7162939876401756,
    "mrr": 0.8122977346278317
  },
  "by_type": {
    "loc_single": {
      "hit@1": 0.65,
      "recall@1": 0.65,
      "ndcg@1": 0.65,
      "hit@3": 0.8,
      "recall@3": 0.8,
      "ndcg@3": 0.7380929753571458,
      "hit@5": 0.875,
      "recall@5": 0.875,
      "ndcg@5": 0.7703937172126503,
      "hit@10": 0.875,
      "recall@10": 0.875,
      "ndcg@10": 0.7703937172126503,
      "mrr": 0.7354166666666667
    },
    "loc_range": {
      "hit@1": 0.6086956521739131,
      "recall@1": 0.15688405797101448,
      "ndcg@1": 0.6086956521739131,
      "hit@3": 0.782608695652174,
      "recall@3": 0.3108695652173913,
      "ndcg@3": 0.45470208248766025,
      "hit@5": 0.8260869565217391,
      "recall@5": 0.3471014492753623,
      "ndcg@5": 0.4085156971212954,
      "hit@10": 0.8260869565217391,
      "recall@10": 0.3942028985507246,
      "ndcg@10": 0.42051492468397095,
      "mrr": 0.6847826086956522
    },
    "loc_ambig": {
      "hit@1": 0.925,
      "recall@1": 0.18686292052245998,
      "ndcg@1": 0.925,
      "hit@3": 1.0,
      "recall@3": 0.5281482853769038,
      "ndcg@3": 0.8972061433224399,
      "hit@5": 1.0,
      "recall@5": 0.6400941355793329,
      "ndcg@5": 0.8879184910428718,
      "hit@10": 1.0,
      "recall@10": 0.7213548896279159,
      "ndcg@10": 0.8322672192675189,
      "mrr": 0.9625
    }
  },
  "by_register": {
    "locator": {
      "hit@1": 0.7475728155339806,
      "recall@1": 0.3600276714003081,
      "ndcg@1": 0.7475728155339806,
      "hit@3": 0.8737864077669902,
      "recall@3": 0.5852032176220986,
      "ndcg@3": 0.7366030353825205,
      "hit@5": 0.912621359223301,
      "recall@5": 0.6658941626845306,
      "ndcg@5": 0.7352266928544725,
      "hit@10": 0.912621359223301,
      "recall@10": 0.7079695364250806,
      "ndcg@10": 0.7162939876401756,
      "mrr": 0.8122977346278317
    }
  },
  "timing": {
    "chunk_s": 0.43,
    "index_s": 37.86,
    "query_s": 20.28,
    "q_per_s": 5.1
  }
}