{
  "config": {
    "chunker": "article",
    "retriever": "vector",
    "embedder": "kure-v1",
    "byeolpyo": "md",
    "rerank": true,
    "hyde": false
  },
  "n_chunks": 3251,
  "n_questions": 240,
  "overall": {
    "hit@1": 0.5416666666666666,
    "recall@1": 0.4479166666666667,
    "ndcg@1": 0.5416666666666666,
    "hit@3": 0.7541666666666667,
    "recall@3": 0.7,
    "ndcg@3": 0.6265404984126902,
    "hit@5": 0.825,
    "recall@5": 0.7770833333333333,
    "ndcg@5": 0.6600633024015594,
    "hit@10": 0.8875,
    "recall@10": 0.8479166666666667,
    "ndcg@10": 0.6844313179276671,
    "mrr": 0.6605274470899472
  },
  "by_type": {
    "factoid": {
      "hit@1": 0.5833333333333334,
      "recall@1": 0.5833333333333334,
      "ndcg@1": 0.5833333333333334,
      "hit@3": 0.75,
      "recall@3": 0.75,
      "ndcg@3": 0.6797596420238124,
      "hit@5": 0.8333333333333334,
      "recall@5": 0.8333333333333334,
      "ndcg@5": 0.7141885635019668,
      "hit@10": 0.8833333333333333,
      "recall@10": 0.8833333333333333,
      "ndcg@10": 0.7298196141092493,
      "mrr": 0.6808531746031746
    },
    "crossref": {
      "hit@1": 0.4,
      "recall@1": 0.4,
      "ndcg@1": 0.4,
      "hit@3": 0.7166666666666667,
      "recall@3": 0.7166666666666667,
      "ndcg@3": 0.5801549589285763,
      "hit@5": 0.7833333333333333,
      "recall@5": 0.7833333333333333,
      "ndcg@5": 0.6066755419248598,
      "hit@10": 0.8666666666666667,
      "recall@10": 0.8666666666666667,
      "ndcg@10": 0.6333193155232284,
      "mrr": 0.5582804232804233
    },
    "byeolpyo": {
      "hit@1": 0.43333333333333335,
      "recall@1": 0.43333333333333335,
      "ndcg@1": 0.43333333333333335,
      "hit@3": 0.7,
      "recall@3": 0.7,
      "ndcg@3": 0.5972169425000068,
      "hit@5": 0.7666666666666667,
      "recall@5": 0.7666666666666667,
      "ndcg@5": 0.6237375254962904,
      "hit@10": 0.85,
      "recall@10": 0.85,
      "ndcg@10": 0.6526589959628026,
      "mrr": 0.5883730158730158
    },
    "multihop": {
      "hit@1": 0.75,
      "recall@1": 0.375,
      "ndcg@1": 0.75,
      "hit@3": 0.85,
      "recall@3": 0.6333333333333333,
      "ndcg@3": 0.6490304501983654,
      "hit@5": 0.9166666666666666,
      "recall@5": 0.725,
      "ndcg@5": 0.6956515786831207,
      "hit@10": 0.95,
      "recall@10": 0.7916666666666666,
      "ndcg@10": 0.7219273461153882,
      "mrr": 0.8146031746031746
    }
  },
  "by_register": {
    "lowoverlap": {
      "hit@1": 0.5416666666666666,
      "recall@1": 0.4479166666666667,
      "ndcg@1": 0.5416666666666666,
      "hit@3": 0.7541666666666667,
      "recall@3": 0.7,
      "ndcg@3": 0.6265404984126902,
      "hit@5": 0.825,
      "recall@5": 0.7770833333333333,
      "ndcg@5": 0.6600633024015594,
      "hit@10": 0.8875,
      "recall@10": 0.8479166666666667,
      "ndcg@10": 0.6844313179276671,
      "mrr": 0.6605274470899472
    }
  },
  "timing": {
    "chunk_s": 0.52,
    "index_s": 22.42,
    "query_s": 223.56,
    "q_per_s": 1.1
  }
}