{
  "config": {
    "chunker": "article",
    "retriever": "bm25",
    "embedder": "kure-v1",
    "byeolpyo": "md",
    "rerank": true,
    "hype": "questions",
    "hyde": true
  },
  "n_chunks": 3251,
  "n_questions": 240,
  "overall": {
    "hit@1": 0.6083333333333333,
    "recall@1": 0.5145833333333333,
    "ndcg@1": 0.6083333333333333,
    "hit@3": 0.7375,
    "recall@3": 0.66875,
    "ndcg@3": 0.6375407147525476,
    "hit@5": 0.7791666666666667,
    "recall@5": 0.7208333333333333,
    "ndcg@5": 0.660662239727296,
    "hit@10": 0.7958333333333333,
    "recall@10": 0.7520833333333333,
    "ndcg@10": 0.672357536987953,
    "mrr": 0.6804265873015873
  },
  "by_type": {
    "factoid": {
      "hit@1": 0.7,
      "recall@1": 0.7,
      "ndcg@1": 0.7,
      "hit@3": 0.8333333333333334,
      "recall@3": 0.8333333333333334,
      "ndcg@3": 0.7797596420238124,
      "hit@5": 0.8833333333333333,
      "recall@5": 0.8833333333333333,
      "ndcg@5": 0.8005630740801679,
      "hit@10": 0.8833333333333333,
      "recall@10": 0.8833333333333333,
      "ndcg@10": 0.8005630740801679,
      "mrr": 0.7727777777777778
    },
    "crossref": {
      "hit@1": 0.36666666666666664,
      "recall@1": 0.36666666666666664,
      "ndcg@1": 0.36666666666666664,
      "hit@3": 0.4166666666666667,
      "recall@3": 0.4166666666666667,
      "ndcg@3": 0.39603099178571527,
      "hit@5": 0.4666666666666667,
      "recall@5": 0.4666666666666667,
      "ndcg@5": 0.41610402799475654,
      "hit@10": 0.48333333333333334,
      "recall@10": 0.48333333333333334,
      "ndcg@10": 0.4216595835503121,
      "mrr": 0.40210317460317463
    },
    "byeolpyo": {
      "hit@1": 0.6166666666666667,
      "recall@1": 0.6166666666666667,
      "ndcg@1": 0.6166666666666667,
      "hit@3": 0.8166666666666667,
      "recall@3": 0.8166666666666667,
      "ndcg@3": 0.7406704548214339,
      "hit@5": 0.85,
      "recall@5": 0.85,
      "ndcg@5": 0.7535655483959186,
      "hit@10": 0.8833333333333333,
      "recall@10": 0.8833333333333333,
      "ndcg@10": 0.7650578904032745,
      "mrr": 0.7257142857142858
    },
    "multihop": {
      "hit@1": 0.75,
      "recall@1": 0.375,
      "ndcg@1": 0.75,
      "hit@3": 0.8833333333333333,
      "recall@3": 0.6083333333333333,
      "ndcg@3": 0.6337017703792288,
      "hit@5": 0.9166666666666666,
      "recall@5": 0.6833333333333333,
      "ndcg@5": 0.672416308438341,
      "hit@10": 0.9333333333333333,
      "recall@10": 0.7583333333333333,
      "ndcg@10": 0.7021495999180576,
      "mrr": 0.8211111111111111
    }
  },
  "by_register": {
    "formal": {
      "hit@1": 0.6047619047619047,
      "recall@1": 0.4976190476190476,
      "ndcg@1": 0.6047619047619047,
      "hit@3": 0.7285714285714285,
      "recall@3": 0.65,
      "ndcg@3": 0.6243665822852241,
      "hit@5": 0.7666666666666667,
      "recall@5": 0.7,
      "ndcg@5": 0.6468981852787082,
      "hit@10": 0.7857142857142857,
      "recall@10": 0.7357142857142858,
      "ndcg@10": 0.6602642392908877,
      "mrr": 0.6746938775510204
    },
    "colloquial": {
      "hit@1": 0.6333333333333333,
      "recall@1": 0.6333333333333333,
      "ndcg@1": 0.6333333333333333,
      "hit@3": 0.8,
      "recall@3": 0.8,
      "ndcg@3": 0.7297596420238125,
      "hit@5": 0.8666666666666667,
      "recall@5": 0.8666666666666667,
      "ndcg@5": 0.7570106208674102,
      "hit@10": 0.8666666666666667,
      "recall@10": 0.8666666666666667,
      "ndcg@10": 0.7570106208674102,
      "mrr": 0.7205555555555556
    }
  },
  "timing": {
    "chunk_s": 0.39,
    "index_s": 14.51,
    "query_s": 253.8,
    "q_per_s": 0.9
  }
}