{
  "config": {
    "chunker": "article",
    "retriever": "vector",
    "embedder": "kure-v1",
    "byeolpyo": "md"
  },
  "n_chunks": 3251,
  "n_questions": 240,
  "overall": {
    "hit@1": 0.55,
    "recall@1": 0.46875,
    "ndcg@1": 0.55,
    "hit@3": 0.725,
    "recall@3": 0.6625,
    "ndcg@3": 0.6116831535649369,
    "hit@5": 0.8208333333333333,
    "recall@5": 0.7666666666666667,
    "ndcg@5": 0.6569314404936736,
    "hit@10": 0.8583333333333333,
    "recall@10": 0.8104166666666667,
    "ndcg@10": 0.6720081973377333,
    "mrr": 0.6564666005291006
  },
  "by_type": {
    "factoid": {
      "hit@1": 0.75,
      "recall@1": 0.75,
      "ndcg@1": 0.75,
      "hit@3": 0.9166666666666666,
      "recall@3": 0.9166666666666666,
      "ndcg@3": 0.8507906338095277,
      "hit@5": 1.0,
      "recall@5": 1.0,
      "ndcg@5": 0.885219555287682,
      "hit@10": 1.0,
      "recall@10": 1.0,
      "ndcg@10": 0.885219555287682,
      "mrr": 0.8469444444444445
    },
    "crossref": {
      "hit@1": 0.23333333333333334,
      "recall@1": 0.23333333333333334,
      "ndcg@1": 0.23333333333333334,
      "hit@3": 0.38333333333333336,
      "recall@3": 0.38333333333333336,
      "ndcg@3": 0.3192441461309548,
      "hit@5": 0.48333333333333334,
      "recall@5": 0.48333333333333334,
      "ndcg@5": 0.36012061439635157,
      "hit@10": 0.5166666666666667,
      "recall@10": 0.5166666666666667,
      "ndcg@10": 0.36995552809604937,
      "mrr": 0.3232407407407408
    },
    "byeolpyo": {
      "hit@1": 0.5666666666666667,
      "recall@1": 0.5666666666666667,
      "ndcg@1": 0.5666666666666667,
      "hit@3": 0.7666666666666667,
      "recall@3": 0.7666666666666667,
      "ndcg@3": 0.6863061297023854,
      "hit@5": 0.8833333333333333,
      "recall@5": 0.8833333333333333,
      "ndcg@5": 0.732169353060396,
      "hit@10": 0.9666666666666667,
      "recall@10": 0.9666666666666667,
      "ndcg@10": 0.759492165164136,
      "mrr": 0.6939748677248677
    },
    "multihop": {
      "hit@1": 0.65,
      "recall@1": 0.325,
      "ndcg@1": 0.65,
      "hit@3": 0.8333333333333334,
      "recall@3": 0.5833333333333334,
      "ndcg@3": 0.59039170461688,
      "hit@5": 0.9166666666666666,
      "recall@5": 0.7,
      "ndcg@5": 0.6502162392302647,
      "hit@10": 0.95,
      "recall@10": 0.7583333333333333,
      "ndcg@10": 0.6733655408030657,
      "mrr": 0.7617063492063492
    }
  },
  "by_register": {
    "formal": {
      "hit@1": 0.5333333333333333,
      "recall@1": 0.44047619047619047,
      "ndcg@1": 0.5333333333333333,
      "hit@3": 0.6952380952380952,
      "recall@3": 0.6238095238095238,
      "ndcg@3": 0.5810398968293148,
      "hit@5": 0.7952380952380952,
      "recall@5": 0.7333333333333333,
      "ndcg@5": 0.6288592277702142,
      "hit@10": 0.8380952380952381,
      "recall@10": 0.7833333333333333,
      "ndcg@10": 0.6460898070205681,
      "mrr": 0.6354062736205593
    },
    "colloquial": {
      "hit@1": 0.6666666666666666,
      "recall@1": 0.6666666666666666,
      "ndcg@1": 0.6666666666666666,
      "hit@3": 0.9333333333333333,
      "recall@3": 0.9333333333333333,
      "ndcg@3": 0.8261859507142916,
      "hit@5": 1.0,
      "recall@5": 1.0,
      "ndcg@5": 0.8534369295578893,
      "hit@10": 1.0,
      "recall@10": 1.0,
      "ndcg@10": 0.8534369295578893,
      "mrr": 0.8038888888888889
    }
  },
  "timing": {
    "chunk_s": 0.41,
    "index_s": 19.85,
    "query_s": 4.17,
    "q_per_s": 57.6
  }
}