{
  "config": {
    "chunker": "article",
    "retriever": "hybrid",
    "embedder": "kure-v1",
    "byeolpyo": "md",
    "rerank": true,
    "hype": null,
    "hyde": false,
    "reranker_model": "upskyy/ko-reranker-8k"
  },
  "n_chunks": 3251,
  "n_questions": 240,
  "overall": {
    "hit@1": 0.6833333333333333,
    "recall@1": 0.59375,
    "ndcg@1": 0.6833333333333333,
    "hit@3": 0.8541666666666666,
    "recall@3": 0.7875,
    "ndcg@3": 0.7406522734443612,
    "hit@5": 0.9166666666666666,
    "recall@5": 0.8625,
    "ndcg@5": 0.7731867536300251,
    "hit@10": 0.9833333333333333,
    "recall@10": 0.95,
    "ndcg@10": 0.8041161574219776,
    "mrr": 0.7851587301587302
  },
  "by_type": {
    "factoid": {
      "hit@1": 0.8,
      "recall@1": 0.8,
      "ndcg@1": 0.8,
      "hit@3": 0.95,
      "recall@3": 0.95,
      "ndcg@3": 0.8902751379166701,
      "hit@5": 0.9833333333333333,
      "recall@5": 0.9833333333333333,
      "ndcg@5": 0.903900627338469,
      "hit@10": 1.0,
      "recall@10": 1.0,
      "ndcg@10": 0.9094561828940245,
      "mrr": 0.8793253968253969
    },
    "crossref": {
      "hit@1": 0.4166666666666667,
      "recall@1": 0.4166666666666667,
      "ndcg@1": 0.4166666666666667,
      "hit@3": 0.6,
      "recall@3": 0.6,
      "ndcg@3": 0.5257906338095277,
      "hit@5": 0.7666666666666667,
      "recall@5": 0.7666666666666667,
      "ndcg@5": 0.5924572892238938,
      "hit@10": 0.95,
      "recall@10": 0.95,
      "ndcg@10": 0.6533621608345331,
      "mrr": 0.5619378306878307
    },
    "byeolpyo": {
      "hit@1": 0.8,
      "recall@1": 0.8,
      "ndcg@1": 0.8,
      "hit@3": 0.9333333333333333,
      "recall@3": 0.9333333333333333,
      "ndcg@3": 0.8819418045833367,
      "hit@5": 0.95,
      "recall@5": 0.95,
      "ndcg@5": 0.8891197472178933,
      "hit@10": 1.0,
      "recall@10": 1.0,
      "ndcg@10": 0.905869837171678,
      "mrr": 0.875297619047619
    },
    "multihop": {
      "hit@1": 0.7166666666666667,
      "recall@1": 0.35833333333333334,
      "ndcg@1": 0.7166666666666667,
      "hit@3": 0.9333333333333333,
      "recall@3": 0.6666666666666666,
      "ndcg@3": 0.6646015174679104,
      "hit@5": 0.9666666666666667,
      "recall@5": 0.75,
      "ndcg@5": 0.7072693507398442,
      "hit@10": 0.9833333333333333,
      "recall@10": 0.85,
      "ndcg@10": 0.7477764487876747,
      "mrr": 0.8240740740740741
    }
  },
  "by_register": {
    "formal": {
      "hit@1": 0.6761904761904762,
      "recall@1": 0.5738095238095238,
      "ndcg@1": 0.6761904761904762,
      "hit@3": 0.8476190476190476,
      "recall@3": 0.7714285714285715,
      "ndcg@3": 0.7272991743445756,
      "hit@5": 0.9095238095238095,
      "recall@5": 0.8476190476190476,
      "ndcg@5": 0.7605884404362488,
      "hit@10": 0.9809523809523809,
      "recall@10": 0.9428571428571428,
      "ndcg@10": 0.794349028896893,
      "mrr": 0.7786281179138322
    },
    "colloquial": {
      "hit@1": 0.7333333333333333,
      "recall@1": 0.7333333333333333,
      "ndcg@1": 0.7333333333333333,
      "hit@3": 0.9,
      "recall@3": 0.9,
      "ndcg@3": 0.8341239671428611,
      "hit@5": 0.9666666666666667,
      "recall@5": 0.9666666666666667,
      "ndcg@5": 0.8613749459864588,
      "hit@10": 1.0,
      "recall@10": 1.0,
      "ndcg@10": 0.8724860570975699,
      "mrr": 0.8308730158730159
    }
  },
  "timing": {
    "chunk_s": 0.39,
    "index_s": 21.43,
    "query_s": 205.41,
    "q_per_s": 1.2
  }
}