{
  "config": {
    "chunker": "article",
    "retriever": "bm25",
    "embedder": "kure-v1",
    "byeolpyo": "md",
    "rerank": false,
    "hyde": false
  },
  "n_chunks": 3251,
  "n_questions": 240,
  "overall": {
    "hit@1": 0.39166666666666666,
    "recall@1": 0.3145833333333333,
    "ndcg@1": 0.39166666666666666,
    "hit@3": 0.5666666666666667,
    "recall@3": 0.5,
    "ndcg@3": 0.44708858214952707,
    "hit@5": 0.6416666666666667,
    "recall@5": 0.5791666666666667,
    "ndcg@5": 0.481041657793594,
    "hit@10": 0.7416666666666667,
    "recall@10": 0.6979166666666666,
    "ndcg@10": 0.5214397386536198,
    "mrr": 0.4995502645502645
  },
  "by_type": {
    "factoid": {
      "hit@1": 0.38333333333333336,
      "recall@1": 0.38333333333333336,
      "ndcg@1": 0.38333333333333336,
      "hit@3": 0.5833333333333334,
      "recall@3": 0.5833333333333334,
      "ndcg@3": 0.5007906338095277,
      "hit@5": 0.7,
      "recall@5": 0.7,
      "ndcg@5": 0.5510362322514235,
      "hit@10": 0.7833333333333333,
      "recall@10": 0.7833333333333333,
      "ndcg@10": 0.5761632270863495,
      "mrr": 0.5106944444444445
    },
    "crossref": {
      "hit@1": 0.3,
      "recall@1": 0.3,
      "ndcg@1": 0.3,
      "hit@3": 0.5333333333333333,
      "recall@3": 0.5333333333333333,
      "ndcg@3": 0.43630612970238525,
      "hit@5": 0.6166666666666667,
      "recall@5": 0.6166666666666667,
      "ndcg@5": 0.47146544702785387,
      "hit@10": 0.7666666666666667,
      "recall@10": 0.7666666666666667,
      "ndcg@10": 0.5210351346960482,
      "mrr": 0.4438558201058201
    },
    "byeolpyo": {
      "hit@1": 0.26666666666666666,
      "recall@1": 0.26666666666666666,
      "ndcg@1": 0.26666666666666666,
      "hit@3": 0.38333333333333336,
      "recall@3": 0.38333333333333336,
      "ndcg@3": 0.33154648767857287,
      "hit@5": 0.4666666666666667,
      "recall@5": 0.4666666666666667,
      "ndcg@5": 0.36524501330941306,
      "hit@10": 0.6,
      "recall@10": 0.6,
      "ndcg@10": 0.40852288065958275,
      "mrr": 0.35015873015873017
    },
    "multihop": {
      "hit@1": 0.6166666666666667,
      "recall@1": 0.30833333333333335,
      "ndcg@1": 0.6166666666666667,
      "hit@3": 0.7666666666666667,
      "recall@3": 0.5,
      "ndcg@3": 0.5197110774076226,
      "hit@5": 0.7833333333333333,
      "recall@5": 0.5333333333333333,
      "ndcg@5": 0.5364199385856855,
      "hit@10": 0.8166666666666667,
      "recall@10": 0.6416666666666667,
      "ndcg@10": 0.580037712172499,
      "mrr": 0.6934920634920635
    }
  },
  "by_register": {
    "lowoverlap": {
      "hit@1": 0.39166666666666666,
      "recall@1": 0.3145833333333333,
      "ndcg@1": 0.39166666666666666,
      "hit@3": 0.5666666666666667,
      "recall@3": 0.5,
      "ndcg@3": 0.44708858214952707,
      "hit@5": 0.6416666666666667,
      "recall@5": 0.5791666666666667,
      "ndcg@5": 0.481041657793594,
      "hit@10": 0.7416666666666667,
      "recall@10": 0.6979166666666666,
      "ndcg@10": 0.5214397386536198,
      "mrr": 0.4995502645502645
    }
  },
  "timing": {
    "chunk_s": 0.39,
    "index_s": 3.47,
    "query_s": 2.66,
    "q_per_s": 90.1
  }
}