{
  "config": {
    "chunker": "article",
    "retriever": "vector",
    "embedder": "koe5",
    "byeolpyo": "md",
    "rerank": false,
    "hyde": false
  },
  "n_chunks": 3251,
  "n_questions": 240,
  "overall": {
    "hit@1": 0.48333333333333334,
    "recall@1": 0.40208333333333335,
    "ndcg@1": 0.48333333333333334,
    "hit@3": 0.7208333333333333,
    "recall@3": 0.6520833333333333,
    "ndcg@3": 0.5742213859285257,
    "hit@5": 0.8041666666666667,
    "recall@5": 0.75625,
    "ndcg@5": 0.6190222697079311,
    "hit@10": 0.8625,
    "recall@10": 0.8145833333333333,
    "ndcg@10": 0.6400706754891328,
    "mrr": 0.6131729497354498
  },
  "by_type": {
    "factoid": {
      "hit@1": 0.48333333333333334,
      "recall@1": 0.48333333333333334,
      "ndcg@1": 0.48333333333333334,
      "hit@3": 0.7166666666666667,
      "recall@3": 0.7166666666666667,
      "ndcg@3": 0.6196394630357187,
      "hit@5": 0.8,
      "recall@5": 0.8,
      "ndcg@5": 0.6540683845138731,
      "hit@10": 0.8833333333333333,
      "recall@10": 0.8833333333333333,
      "ndcg@10": 0.6826086240841405,
      "mrr": 0.6179761904761905
    },
    "crossref": {
      "hit@1": 0.36666666666666664,
      "recall@1": 0.36666666666666664,
      "ndcg@1": 0.36666666666666664,
      "hit@3": 0.65,
      "recall@3": 0.65,
      "ndcg@3": 0.5301549589285762,
      "hit@5": 0.7833333333333333,
      "recall@5": 0.7833333333333333,
      "ndcg@5": 0.5846569166157719,
      "hit@10": 0.8,
      "recall@10": 0.8,
      "ndcg@10": 0.5905937030675723,
      "mrr": 0.5216666666666667
    },
    "byeolpyo": {
      "hit@1": 0.43333333333333335,
      "recall@1": 0.43333333333333335,
      "ndcg@1": 0.43333333333333335,
      "hit@3": 0.65,
      "recall@3": 0.65,
      "ndcg@3": 0.5569418045833368,
      "hit@5": 0.75,
      "recall@5": 0.75,
      "ndcg@5": 0.5970878770014193,
      "hit@10": 0.8,
      "recall@10": 0.8,
      "ndcg@10": 0.6129183470978034,
      "mrr": 0.5529828042328043
    },
    "multihop": {
      "hit@1": 0.65,
      "recall@1": 0.325,
      "ndcg@1": 0.65,
      "hit@3": 0.8666666666666667,
      "recall@3": 0.5916666666666667,
      "ndcg@3": 0.5901493171664712,
      "hit@5": 0.8833333333333333,
      "recall@5": 0.6916666666666667,
      "ndcg@5": 0.6402759007006599,
      "hit@10": 0.9666666666666667,
      "recall@10": 0.775,
      "ndcg@10": 0.6741620277070148,
      "mrr": 0.7600661375661376
    }
  },
  "by_register": {
    "lowoverlap": {
      "hit@1": 0.48333333333333334,
      "recall@1": 0.40208333333333335,
      "ndcg@1": 0.48333333333333334,
      "hit@3": 0.7208333333333333,
      "recall@3": 0.6520833333333333,
      "ndcg@3": 0.5742213859285257,
      "hit@5": 0.8041666666666667,
      "recall@5": 0.75625,
      "ndcg@5": 0.6190222697079311,
      "hit@10": 0.8625,
      "recall@10": 0.8145833333333333,
      "ndcg@10": 0.6400706754891328,
      "mrr": 0.6131729497354498
    }
  },
  "timing": {
    "chunk_s": 0.51,
    "index_s": 5.06,
    "query_s": 3.41,
    "q_per_s": 70.5
  }
}