{
  "config": {
    "chunker": "fixed",
    "retriever": "bm25",
    "embedder": "kure-v1",
    "byeolpyo": "md",
    "rerank": false,
    "hyde": false
  },
  "n_chunks": 4723,
  "n_questions": 240,
  "overall": {
    "hit@1": 0.2916666666666667,
    "recall@1": 0.23541666666666666,
    "ndcg@1": 0.2916666666666667,
    "hit@3": 0.42916666666666664,
    "recall@3": 0.38125,
    "ndcg@3": 0.33877987237388685,
    "hit@5": 0.5291666666666667,
    "recall@5": 0.475,
    "ndcg@5": 0.3784858559765525,
    "hit@10": 0.6333333333333333,
    "recall@10": 0.5791666666666667,
    "ndcg@10": 0.4130488375616836,
    "mrr": 0.3873826058201058
  },
  "by_type": {
    "factoid": {
      "hit@1": 0.31666666666666665,
      "recall@1": 0.31666666666666665,
      "ndcg@1": 0.31666666666666665,
      "hit@3": 0.43333333333333335,
      "recall@3": 0.43333333333333335,
      "ndcg@3": 0.38591081279762146,
      "hit@5": 0.5166666666666667,
      "recall@5": 0.5166666666666667,
      "ndcg@5": 0.4203397342757758,
      "hit@10": 0.6166666666666667,
      "recall@10": 0.6166666666666667,
      "ndcg@10": 0.4524230672277163,
      "mrr": 0.4016865079365079
    },
    "crossref": {
      "hit@1": 0.2,
      "recall@1": 0.2,
      "ndcg@1": 0.2,
      "hit@3": 0.3333333333333333,
      "recall@3": 0.3333333333333333,
      "ndcg@3": 0.2753953169047639,
      "hit@5": 0.48333333333333334,
      "recall@5": 0.48333333333333334,
      "ndcg@5": 0.33707521722651607,
      "hit@10": 0.6333333333333333,
      "recall@10": 0.6333333333333333,
      "ndcg@10": 0.3848479266040996,
      "mrr": 0.30900132275132275
    },
    "byeolpyo": {
      "hit@1": 0.2,
      "recall@1": 0.2,
      "ndcg@1": 0.2,
      "hit@3": 0.35,
      "recall@3": 0.35,
      "ndcg@3": 0.2880929753571458,
      "hit@5": 0.43333333333333335,
      "recall@5": 0.43333333333333335,
      "ndcg@5": 0.321791500987986,
      "hit@10": 0.5333333333333333,
      "recall@10": 0.5333333333333333,
      "ndcg@10": 0.353774902132113,
      "mrr": 0.29800925925925925
    },
    "multihop": {
      "hit@1": 0.45,
      "recall@1": 0.225,
      "ndcg@1": 0.45,
      "hit@3": 0.6,
      "recall@3": 0.4083333333333333,
      "ndcg@3": 0.4057203844360163,
      "hit@5": 0.6833333333333333,
      "recall@5": 0.4666666666666667,
      "ndcg@5": 0.4347369714159323,
      "hit@10": 0.75,
      "recall@10": 0.5333333333333333,
      "ndcg@10": 0.4611494542828055,
      "mrr": 0.5408333333333334
    }
  },
  "by_register": {
    "lowoverlap": {
      "hit@1": 0.2916666666666667,
      "recall@1": 0.23541666666666666,
      "ndcg@1": 0.2916666666666667,
      "hit@3": 0.42916666666666664,
      "recall@3": 0.38125,
      "ndcg@3": 0.33877987237388685,
      "hit@5": 0.5291666666666667,
      "recall@5": 0.475,
      "ndcg@5": 0.3784858559765525,
      "hit@10": 0.6333333333333333,
      "recall@10": 0.5791666666666667,
      "ndcg@10": 0.4130488375616836,
      "mrr": 0.3873826058201058
    }
  },
  "timing": {
    "chunk_s": 0.51,
    "index_s": 0.62,
    "query_s": 9.37,
    "q_per_s": 25.6
  }
}