{
  "config": {
    "chunker": "hang",
    "retriever": "bm25",
    "embedder": "kure-v1",
    "byeolpyo": "md",
    "rerank": false,
    "hyde": false
  },
  "n_chunks": 11505,
  "n_questions": 240,
  "overall": {
    "hit@1": 0.22916666666666666,
    "recall@1": 0.17916666666666667,
    "ndcg@1": 0.22916666666666666,
    "hit@3": 0.37916666666666665,
    "recall@3": 0.3375,
    "ndcg@3": 0.2866830418997974,
    "hit@5": 0.45416666666666666,
    "recall@5": 0.41041666666666665,
    "ndcg@5": 0.3176409543050183,
    "hit@10": 0.5583333333333333,
    "recall@10": 0.5083333333333333,
    "ndcg@10": 0.3506132835374039,
    "mrr": 0.3224024470899471
  },
  "by_type": {
    "factoid": {
      "hit@1": 0.2833333333333333,
      "recall@1": 0.2833333333333333,
      "ndcg@1": 0.2833333333333333,
      "hit@3": 0.4,
      "recall@3": 0.4,
      "ndcg@3": 0.35257747946428813,
      "hit@5": 0.55,
      "recall@5": 0.55,
      "ndcg@5": 0.41498777563335454,
      "hit@10": 0.6166666666666667,
      "recall@10": 0.6166666666666667,
      "ndcg@10": 0.4369368435886822,
      "mrr": 0.3804166666666667
    },
    "crossref": {
      "hit@1": 0.11666666666666667,
      "recall@1": 0.11666666666666667,
      "ndcg@1": 0.11666666666666667,
      "hit@3": 0.31666666666666665,
      "recall@3": 0.31666666666666665,
      "ndcg@3": 0.2275774794642881,
      "hit@5": 0.4,
      "recall@5": 0.4,
      "ndcg@5": 0.2605456092478141,
      "hit@10": 0.5666666666666667,
      "recall@10": 0.5666666666666667,
      "ndcg@10": 0.3150902020862177,
      "mrr": 0.23759920634920637
    },
    "byeolpyo": {
      "hit@1": 0.11666666666666667,
      "recall@1": 0.11666666666666667,
      "ndcg@1": 0.11666666666666667,
      "hit@3": 0.26666666666666666,
      "recall@3": 0.26666666666666666,
      "ndcg@3": 0.20039531690476384,
      "hit@5": 0.2833333333333333,
      "recall@5": 0.2833333333333333,
      "ndcg@5": 0.2068428636920062,
      "hit@10": 0.36666666666666664,
      "recall@10": 0.36666666666666664,
      "ndcg@10": 0.23274882884011722,
      "mrr": 0.19117724867724867
    },
    "multihop": {
      "hit@1": 0.4,
      "recall@1": 0.2,
      "ndcg@1": 0.4,
      "hit@3": 0.5333333333333333,
      "recall@3": 0.36666666666666664,
      "ndcg@3": 0.36618189176584937,
      "hit@5": 0.5833333333333334,
      "recall@5": 0.4083333333333333,
      "ndcg@5": 0.3881875686468986,
      "hit@10": 0.6833333333333333,
      "recall@10": 0.48333333333333334,
      "ndcg@10": 0.41767725963459845,
      "mrr": 0.48041666666666666
    }
  },
  "by_register": {
    "lowoverlap": {
      "hit@1": 0.22916666666666666,
      "recall@1": 0.17916666666666667,
      "ndcg@1": 0.22916666666666666,
      "hit@3": 0.37916666666666665,
      "recall@3": 0.3375,
      "ndcg@3": 0.2866830418997974,
      "hit@5": 0.45416666666666666,
      "recall@5": 0.41041666666666665,
      "ndcg@5": 0.3176409543050183,
      "hit@10": 0.5583333333333333,
      "recall@10": 0.5083333333333333,
      "ndcg@10": 0.3506132835374039,
      "mrr": 0.3224024470899471
    }
  },
  "timing": {
    "chunk_s": 0.51,
    "index_s": 0.63,
    "query_s": 20.5,
    "q_per_s": 11.7
  }
}