{
  "config": {
    "chunker": "parent",
    "retriever": "bm25",
    "embedder": "kure-v1",
    "byeolpyo": "md",
    "rerank": false,
    "hyde": false
  },
  "n_chunks": 11505,
  "n_questions": 240,
  "overall": {
    "hit@1": 0.22916666666666666,
    "recall@1": 0.17916666666666667,
    "ndcg@1": 0.22916666666666666,
    "hit@3": 0.38333333333333336,
    "recall@3": 0.3416666666666667,
    "ndcg@3": 0.28990681529341855,
    "hit@5": 0.4791666666666667,
    "recall@5": 0.4354166666666667,
    "ndcg@5": 0.3295425969891596,
    "hit@10": 0.5875,
    "recall@10": 0.5395833333333333,
    "ndcg@10": 0.3645841303713676,
    "mrr": 0.3292757936507937
  },
  "by_type": {
    "factoid": {
      "hit@1": 0.2833333333333333,
      "recall@1": 0.2833333333333333,
      "ndcg@1": 0.2833333333333333,
      "hit@3": 0.4,
      "recall@3": 0.4,
      "ndcg@3": 0.35257747946428813,
      "hit@5": 0.55,
      "recall@5": 0.55,
      "ndcg@5": 0.4164485673279829,
      "hit@10": 0.6166666666666667,
      "recall@10": 0.6166666666666667,
      "ndcg@10": 0.43869544289243734,
      "mrr": 0.3823809523809524
    },
    "crossref": {
      "hit@1": 0.11666666666666667,
      "recall@1": 0.11666666666666667,
      "ndcg@1": 0.11666666666666667,
      "hit@3": 0.31666666666666665,
      "recall@3": 0.31666666666666665,
      "ndcg@3": 0.2275774794642881,
      "hit@5": 0.48333333333333334,
      "recall@5": 0.48333333333333334,
      "ndcg@5": 0.2942441348786543,
      "hit@10": 0.6333333333333333,
      "recall@10": 0.6333333333333333,
      "ndcg@10": 0.3418750951507592,
      "mrr": 0.2521626984126984
    },
    "byeolpyo": {
      "hit@1": 0.11666666666666667,
      "recall@1": 0.11666666666666667,
      "ndcg@1": 0.11666666666666667,
      "hit@3": 0.26666666666666666,
      "recall@3": 0.26666666666666666,
      "ndcg@3": 0.20039531690476384,
      "hit@5": 0.2833333333333333,
      "recall@5": 0.2833333333333333,
      "ndcg@5": 0.2068428636920062,
      "hit@10": 0.4,
      "recall@10": 0.4,
      "ndcg@10": 0.24420000898454555,
      "mrr": 0.19628968253968254
    },
    "multihop": {
      "hit@1": 0.4,
      "recall@1": 0.2,
      "ndcg@1": 0.4,
      "hit@3": 0.55,
      "recall@3": 0.38333333333333336,
      "ndcg@3": 0.379076985340334,
      "hit@5": 0.6,
      "recall@5": 0.425,
      "ndcg@5": 0.40063482205799505,
      "hit@10": 0.7,
      "recall@10": 0.5083333333333333,
      "ndcg@10": 0.43356597445772826,
      "mrr": 0.4862698412698413
    }
  },
  "by_register": {
    "lowoverlap": {
      "hit@1": 0.22916666666666666,
      "recall@1": 0.17916666666666667,
      "ndcg@1": 0.22916666666666666,
      "hit@3": 0.38333333333333336,
      "recall@3": 0.3416666666666667,
      "ndcg@3": 0.28990681529341855,
      "hit@5": 0.4791666666666667,
      "recall@5": 0.4354166666666667,
      "ndcg@5": 0.3295425969891596,
      "hit@10": 0.5875,
      "recall@10": 0.5395833333333333,
      "ndcg@10": 0.3645841303713676,
      "mrr": 0.3292757936507937
    }
  },
  "timing": {
    "chunk_s": 0.51,
    "index_s": 0.8,
    "query_s": 20.7,
    "q_per_s": 11.6
  }
}