{
  "config": {
    "chunker": "parent",
    "retriever": "bm25",
    "embedder": "kure-v1",
    "byeolpyo": "md"
  },
  "n_chunks": 11505,
  "n_questions": 240,
  "overall": {
    "hit@1": 0.5416666666666666,
    "recall@1": 0.4479166666666667,
    "ndcg@1": 0.5416666666666666,
    "hit@3": 0.7333333333333333,
    "recall@3": 0.6645833333333333,
    "ndcg@3": 0.603091676581759,
    "hit@5": 0.8083333333333333,
    "recall@5": 0.75,
    "ndcg@5": 0.6399093298992878,
    "hit@10": 0.925,
    "recall@10": 0.8833333333333333,
    "ndcg@10": 0.6854707188457609,
    "mrr": 0.657337962962963
  },
  "by_type": {
    "factoid": {
      "hit@1": 0.7,
      "recall@1": 0.7,
      "ndcg@1": 0.7,
      "hit@3": 0.8333333333333334,
      "recall@3": 0.8333333333333334,
      "ndcg@3": 0.7775774794642881,
      "hit@5": 0.8666666666666667,
      "recall@5": 0.8666666666666667,
      "ndcg@5": 0.791202968886087,
      "hit@10": 0.9166666666666666,
      "recall@10": 0.9166666666666666,
      "ndcg@10": 0.8086320973452433,
      "mrr": 0.7737698412698413
    },
    "crossref": {
      "hit@1": 0.2833333333333333,
      "recall@1": 0.2833333333333333,
      "ndcg@1": 0.2833333333333333,
      "hit@3": 0.48333333333333334,
      "recall@3": 0.48333333333333334,
      "ndcg@3": 0.3964263086904791,
      "hit@5": 0.6333333333333333,
      "recall@5": 0.6333333333333333,
      "ndcg@5": 0.4581062090122313,
      "hit@10": 0.9,
      "recall@10": 0.9,
      "ndcg@10": 0.5421801962919606,
      "mrr": 0.4343452380952381
    },
    "byeolpyo": {
      "hit@1": 0.43333333333333335,
      "recall@1": 0.43333333333333335,
      "ndcg@1": 0.43333333333333335,
      "hit@3": 0.7333333333333333,
      "recall@3": 0.7333333333333333,
      "ndcg@3": 0.6073371214881006,
      "hit@5": 0.8166666666666667,
      "recall@5": 0.8166666666666667,
      "ndcg@5": 0.6410356471189407,
      "hit@10": 0.9,
      "recall@10": 0.9,
      "ndcg@10": 0.6679772283264359,
      "mrr": 0.5933002645502646
    },
    "multihop": {
      "hit@1": 0.75,
      "recall@1": 0.375,
      "ndcg@1": 0.75,
      "hit@3": 0.8833333333333333,
      "recall@3": 0.6083333333333333,
      "ndcg@3": 0.6310257966841685,
      "hit@5": 0.9166666666666666,
      "recall@5": 0.6833333333333333,
      "ndcg@5": 0.6692924945798923,
      "hit@10": 0.9833333333333333,
      "recall@10": 0.8166666666666667,
      "ndcg@10": 0.7230933534194043,
      "mrr": 0.827936507936508
    }
  },
  "by_register": {
    "formal": {
      "hit@1": 0.5380952380952381,
      "recall@1": 0.430952380952381,
      "ndcg@1": 0.5380952380952381,
      "hit@3": 0.7333333333333333,
      "recall@3": 0.6547619047619048,
      "ndcg@3": 0.5951435374879965,
      "hit@5": 0.8142857142857143,
      "recall@5": 0.7476190476190476,
      "ndcg@5": 0.6353786993402458,
      "hit@10": 0.9380952380952381,
      "recall@10": 0.8904761904761904,
      "ndcg@10": 0.6841653318483992,
      "mrr": 0.6583408919123205
    },
    "colloquial": {
      "hit@1": 0.5666666666666667,
      "recall@1": 0.5666666666666667,
      "ndcg@1": 0.5666666666666667,
      "hit@3": 0.7333333333333333,
      "recall@3": 0.7333333333333333,
      "ndcg@3": 0.6587286502380972,
      "hit@5": 0.7666666666666667,
      "recall@5": 0.7666666666666667,
      "ndcg@5": 0.6716237438125818,
      "hit@10": 0.8333333333333334,
      "recall@10": 0.8333333333333334,
      "ndcg@10": 0.6946084278272938,
      "mrr": 0.6503174603174603
    }
  },
  "timing": {
    "chunk_s": 0.44,
    "index_s": 0.84,
    "query_s": 13.64,
    "q_per_s": 17.6
  }
}